insert  into `feeders`(`id`,`name`,`type`,`streetCoverage`,`status`,`code`,`kilovolts`) values (251,'ROAD 12','high-voltage',NULL,'','01',11),(252,'1004 Exp.','high-voltage',NULL,'','02',11),(253,'RMU Local','high-voltage',NULL,'','01',11),(254,'1004 I','high-voltage',NULL,'','02',11),(255,'Adeola Hopewell','high-voltage',NULL,'','03',11),(256,'UPDC','high-voltage',NULL,'','04',11),(257,'NTDA','high-voltage',NULL,'','01',11),(258,'Poste RMU','high-voltage',NULL,'','02',11),(259,'NIPOS','high-voltage',NULL,'','01',11),(260,'Mega Plaza','high-voltage',NULL,'','02',11),(261,'Adeleke Adedoyin','high-voltage',NULL,'','03',11),(262,'Parliamentry','high-voltage',NULL,'','04',11),(263,'Eleke Crescent','high-voltage',NULL,'','05',11),(264,'Ologun Agbaje','high-voltage',NULL,'','01',11),(265,'Ozumba Mbadiwe','high-voltage',NULL,'','02',11),(266,'Icon','high-voltage',NULL,'','03',11),(267,'Federal Palace II','high-voltage',NULL,'','04',11),(268,'Idowu Martins','high-voltage',NULL,'','01',11),(269,'Bar Beach','high-voltage',NULL,'','02',11),(270,'Federal Palace Exp.','high-voltage',NULL,'','03',11),(271,'Maroko Overhead','high-voltage',NULL,'','04',11),(272,'Corporation Drive','high-voltage',NULL,'','01',11),(273,'Parkview','high-voltage',NULL,'','02',11),(274,'Osborne','high-voltage',NULL,'','03',11),(275,'Mobolaji JOHNSON','high-voltage',NULL,'','01',11),(276,'Foreshore','high-voltage',NULL,'','02',11),(277,'2ND Avenue','high-voltage',NULL,'','03',11),(278,'Federal Sec. 11KV','high-voltage',NULL,'','04',11),(279,'Falomo','high-voltage',NULL,'','01',11),(280,'State House','high-voltage',NULL,'','02',11),(281,'Mulliner','high-voltage',NULL,'','03',11),(282,'MTN/Ikoyi Hotel','high-voltage',NULL,'','04',11),(283,'Glover','high-voltage',NULL,'','05',11),(284,'British America Tobacco','high-voltage',NULL,'','01',11),(285,'Alagbon 11KV','high-voltage',NULL,'','02',11),(286,'Fowler LOCAL','high-voltage',NULL,'','03',11),(287,'Rumens','high-voltage',NULL,'','04',11),(288,'Station Feeder.','high-voltage',NULL,'','01',11),(289,'Kingsway','high-voltage',NULL,'','02',11),(290,'Shaw Road','high-voltage',NULL,'','03',11),(291,'Moore Road','high-voltage',NULL,'','04',11),(292,'St. Gregory','high-voltage',NULL,'','01',11),(293,'Awolowo Road','high-voltage',NULL,'','02',11),(294,'Obalende','high-voltage',NULL,'','03',11),(295,'Palm Shopping Mall','high-voltage',NULL,'','01',11),(296,'Oniru','high-voltage',NULL,'','02',11),(297,'Etim Nyang','high-voltage',NULL,'','03',11),(298,'Maroko LOCAL','high-voltage',NULL,'','04',11),(299,'Annex','high-voltage',NULL,'','01',11),(300,'Dideolu','high-voltage',NULL,'','02',11),(301,'Palace Road','high-voltage',NULL,'','03',11),(302,'Aboyade Cole','high-voltage',NULL,'','04',11),(303,'Rocky Estate','high-voltage',NULL,'','05',11),(304,'Konti Towern','high-voltage',NULL,'','06',11),(305,'CSS','high-voltage',NULL,'','01',11),(306,'NEW CUSTOMS','high-voltage',NULL,'','02',11),(307,'TBS','high-voltage',NULL,'','03',11),(308,'TOKUNBOH','high-voltage',NULL,'','01',11),(309,'FREEMAN','high-voltage',NULL,'','02',11),(310,'NEPA II','high-voltage',NULL,'','03',11),(311,'NEPA I','high-voltage',NULL,'','01',11),(312,'AJELE LOCAL','high-voltage',NULL,'','02',11),(313,'ODUNFA','high-voltage',NULL,'','03',11),(314,'INDEPENDENCE','high-voltage',NULL,'','01',11),(315,'MOLONEY','high-voltage',NULL,'','02',11),(316,'MACARTHY','high-voltage',NULL,'','03',11),(317,'ONIKAN I','high-voltage',NULL,'','01',11),(318,'N/HALL/LOCAL','high-voltage',NULL,'','02',11),(319,'LAPAL','high-voltage',NULL,'','01',11),(320,'GBO','high-voltage',NULL,'','01',11),(321,'M&K LOCAL','high-voltage',NULL,'','02',11),(322,'STATION SERVICE(AUTOTELEX)','high-voltage',NULL,'','03',11),(323,'M&K EXPRESS','high-voltage',NULL,'','01',11),(324,'OLD. NIGER/EKO BRIDGE','high-voltage',NULL,'','02',11),(325,'P.Z/UNITY','high-voltage',NULL,'','03',11),(326,'OBA','high-voltage',NULL,'','01',11),(327,'ADENIJI-ADELE','high-voltage',NULL,'','01',11),(328,'DOLPHINE','high-voltage',NULL,'','02',11),(329,'Victoria Arobieke','high-voltage',NULL,'','01',11),(330,'Bashorun Okusanya','high-voltage',NULL,'','02',11),(331,'Fola osiboh','high-voltage',NULL,'','03',11),(332,'Water corporation','high-voltage',NULL,'','01',11),(333,'Jubril Ayinla','high-voltage',NULL,'','02',11),(334,'Wole Olateju','high-voltage',NULL,'','03',11),(335,'Prime Water VIEW','high-voltage',NULL,'','01',11),(336,'Ladi Alakija','high-voltage',NULL,'','02',11),(337,'Admiralty','high-voltage',NULL,'','03',11),(338,'SPG','high-voltage',NULL,'','01',11),(339,'Ajiran','high-voltage',NULL,'','02',11),(340,'Addo','high-voltage',NULL,'','01',11),(341,'Badore','high-voltage',NULL,'','02',11),(342,'Golden Swam','high-voltage',NULL,'','03',11),(343,'Langbasa','high-voltage',NULL,'','04',11),(344,'VGC RD II','high-voltage',NULL,'','01',11),(345,'VGC RD III','high-voltage',NULL,'','02',11),(346,'VGC RD IV','high-voltage',NULL,'','01',11),(347,'VGC Ikota','high-voltage',NULL,'','02',11),(348,'Estate','high-voltage',NULL,'','01',11),(349,'Ogombo','high-voltage',NULL,'','02',11),(350,'Ajiwe','high-voltage',NULL,'','03',11),(351,'Ilasamaja','high-voltage',NULL,'','01',11),(352,'Five Star','high-voltage',NULL,'','01',11),(353,'Papa Ajao','high-voltage',NULL,'','02',11),(354,'Oshodi express','high-voltage',NULL,'','01',11),(355,'Post Office','high-voltage',NULL,'','02',11),(356,'Ladipo','high-voltage',NULL,'','03',11),(357,'Challenge','high-voltage',NULL,'','01',11),(358,'Fatai Atere','high-voltage',NULL,'','02',11),(359,'Army Resettlement','high-voltage',NULL,'','03',11),(360,'Federal Medical Store','high-voltage',NULL,'','04',11),(361,'Nitel Domsat','high-voltage',NULL,'','05',11),(362,'FIRRO','high-voltage',NULL,'','01',11),(363,'Nafdac','high-voltage',NULL,'','02',11),(364,'Daniyan','high-voltage',NULL,'','01',11),(365,'Luth Express','high-voltage',NULL,'','02',11),(366,'Babalola','high-voltage',NULL,'','01',11),(367,'Idi Araba','high-voltage',NULL,'','02',11),(368,'Luth Complex','high-voltage',NULL,'','01',11),(369,'Okoh','high-voltage',NULL,'','02',11),(370,'Ogunlana','high-voltage',NULL,'','01',11),(371,'Atunrashe','high-voltage',NULL,'','02',11),(372,'Ishaga','high-voltage',NULL,'','03',11),(373,'Olowu','high-voltage',NULL,'','01',11),(374,'Smith','high-voltage',NULL,'','02',11),(375,'Cele','high-voltage',NULL,'','03',11),(376,'Adeshina','high-voltage',NULL,'','01',11),(377,'Odo Eran','high-voltage',NULL,'','02',11),(378,'Onitire','high-voltage',NULL,'','03',11),(379,'Adelabu','high-voltage',NULL,'','01',11),(380,'Aguda','high-voltage',NULL,'','02',11),(381,'Babalola EXP','high-voltage',NULL,'','03',11),(382,'Odutayo Agboyin','high-voltage',NULL,'','01',11),(383,'Adisa Bashua','high-voltage',NULL,'','02',11),(384,'Census','high-voltage',NULL,'','03',11),(385,'Adetola','high-voltage',NULL,'','01',11),(386,'Akinyele','high-voltage',NULL,'','02',11),(387,'Bagco','high-voltage',NULL,'','01',11),(388,'Novelty','high-voltage',NULL,'','02',11),(391,'Nitel Domsat Dupl.','high-voltage',NULL,'','01',11),(392,'Passat','high-voltage',NULL,'','02',11),(393,'Orile','high-voltage',NULL,'','01',11),(394,'Coker','high-voltage',NULL,'','02',11),(395,'Mosafejo','high-voltage',NULL,'','03',11),(396,'Imam Memudu','high-voltage',NULL,'','01',11),(397,'Sanya','high-voltage',NULL,'','02',11),(398,'Texlon','high-voltage',NULL,'','01',11),(399,'Amuwo EXP','high-voltage',NULL,'','02',11),(400,'Mba','high-voltage',NULL,'','01',11),(401,'Alaba','high-voltage',NULL,'','02',11),(402,'Cardoso','high-voltage',NULL,'','03',11),(403,'Army Signal','high-voltage',NULL,'','04',11),(404,'Oba Palace','high-voltage',NULL,'','05',11),(405,'Boundary','high-voltage',NULL,'','01',11),(406,'Ajegunle Express','high-voltage',NULL,'','02',11),(407,'Vanleer','high-voltage',NULL,'','03',11),(408,'Brosette','high-voltage',NULL,'','04',11),(409,'Shell Tank','high-voltage',NULL,'','01',11),(410,'Mobil','high-voltage',NULL,'','02',11),(411,'Central Avenue','high-voltage',NULL,'','03',11),(412,'Sari','high-voltage',NULL,'','01',11),(413,'Plank Market','high-voltage',NULL,'','02',11),(414,'Odofin','high-voltage',NULL,'','01',11),(415,'Badia','high-voltage',NULL,'','02',11),(416,'Adeleye','high-voltage',NULL,'','03',11),(417,'Amukoko','high-voltage',NULL,'','04',11),(418,'Olofin','high-voltage',NULL,'','01',11),(419,'Warehouse','high-voltage',NULL,'','02',11),(420,'Commercial','high-voltage',NULL,'','01',11),(421,'Plaza','high-voltage',NULL,'','02',11),(422,'Handicraft','high-voltage',NULL,'','01',11),(423,'Whart Road','high-voltage',NULL,'','02',11),(424,'EBLOCAL','high-voltage',NULL,'','01',11),(425,'M / M','high-voltage',NULL,'','02',11),(426,'SABO EXPRESS','high-voltage',NULL,'','03',11),(427,'HERBERT MACAULAY','high-voltage',NULL,'','04',11),(428,'CAPITAL WORKS','high-voltage',NULL,'','01',11),(430,'FREEMAN 2','high-voltage',NULL,'','02',11),(431,'BORNU WAY','high-voltage',NULL,'','03',11),(432,'ABEOKUTA EXPRESS','high-voltage',NULL,'','04',11),(433,'ONIKE','high-voltage',NULL,'','01',11),(434,'IJORA C/WAY 11','high-voltage',NULL,'','01',11),(435,'EB1','high-voltage',NULL,'','02',11),(436,'APAPA II','high-voltage',NULL,'','03',11),(437,'NATIONAL ART THEATRE','high-voltage',NULL,'','04',11),(438,'NEPA XI','high-voltage',NULL,'','01',11),(439,'IGANMU XI','high-voltage',NULL,'','02',11),(440,'OTTO palace','high-voltage',NULL,'','03',11),(441,'Nathan','high-voltage',NULL,'','01',11),(442,'Birrel','high-voltage',NULL,'','02',11),(443,'Fadeyi','high-voltage',NULL,'','03',11),(444,'NIMR','high-voltage',NULL,'','04',11),(446,'NAFDAC 2','high-voltage',NULL,'','01',11),(447,'Psychatric','high-voltage',NULL,'','02',11),(448,'Mushin II','11KV feeder',NULL,'','01',11),(449,'Jibowu','high-voltage',NULL,'','02',11),(450,'Montgomery I','high-voltage',NULL,'','03',11),(451,'MONTGOMERY  II','high-voltage',NULL,'','01',11),(452,'Ojuelegba','high-voltage',NULL,'','02',11),(453,'Teju Osho Market','high-voltage',NULL,'','03',11),(455,'BEECHAM','high-voltage',NULL,'','01',11),(456,'ESTATE 2','high-voltage',NULL,'','02',11),(457,'SHAGAMU','high-voltage',NULL,'','03',11),(458,'EVANS','high-voltage',NULL,'','04',11),(459,'OPIC','high-voltage',NULL,'','01',11),(460,'OTTO AWORI','high-voltage',NULL,'','02',11),(461,'IJURI','high-voltage',NULL,'','03',11),(462,'LEVER BROS','high-voltage',NULL,'','01',11),(463,'AJEAST','high-voltage',NULL,'','02',11),(464,'NESTLE','high-voltage',NULL,'','03',11),(465,'P&G','high-voltage',NULL,'','04',11),(466,'AJARA','high-voltage',NULL,'','01',11),(467,'BADAGRY','high-voltage',NULL,'','02',11),(468,'512 RD','high-voltage',NULL,'','01',11),(469,'22 RD.','high-voltage',NULL,'','02',11),(470,'AGBOJU 3','high-voltage',NULL,'','03',11),(471,'5TH AVE.','high-voltage',NULL,'','01',11),(472,'7TH AVE.','high-voltage',NULL,'','02',11),(473,'311 RD.','high-voltage',NULL,'','03',11),(474,'321 RD.','high-voltage',NULL,'','04',11),(475,'IJEGUN','high-voltage',NULL,'','01',11),(476,'CHEVRON(ABULE-OSHUN)','high-voltage',NULL,'','02',11),(477,'COMMUNITY','high-voltage',NULL,'','01',11),(478,'ALAKIJA','high-voltage',NULL,'','02',11),(479,'BALOGUN','high-voltage',NULL,'','01',11),(480,'HOLIC','high-voltage',NULL,'','02',11),(481,'PROGRESSIVE  3LAKEVIEW','high-voltage',NULL,'','03',11),(482,'LAKEVIEW','high-voltage',NULL,'','04',11),(483,'ASPANDA','high-voltage',NULL,'','05',11),(484,'TRADE FAIR MOTEL','high-voltage',NULL,'','06',11),(485,'STATION SERVICE','high-voltage',NULL,'','01',11),(486,'Vanguard','high-voltage',NULL,'','02',11),(487,'BEACHLAND','high-voltage',NULL,'','03',11),(488,'OLODI','high-voltage',NULL,'','01',11),(489,'Kirikiri Industrial.','high-voltage',NULL,'','02',11),(490,'COMFORT OBOH','high-voltage',NULL,'','01',11),(491,'Tincan Port','high-voltage',NULL,'','01',11),(492,'Crown Flour Mills','high-voltage',NULL,'','01',11),(493,'4th Avenue.','high-voltage',NULL,'','01',11),(494,'71 Road','high-voltage',NULL,'','02',11),(495,'72 Road','high-voltage',NULL,'','01',11),(496,'Cocaine','high-voltage',NULL,'','02',11),(497,'Army Cantonement','high-voltage',NULL,'','01',11),(498,'Ojo','high-voltage',NULL,'','02',11),(499,'Satellite I','high-voltage',NULL,'','03',11),(500,'Iba','high-voltage',NULL,'','04',11),(501,'Okoko','high-voltage',NULL,'','01',11),(502,'Ijanikin','high-voltage',NULL,'','02',11),(503,'Satellite II','high-voltage',NULL,'','03',11),(504,'Aka','high-voltage',NULL,'','01',11),(505,'Igbede','high-voltage',NULL,'','02',11),(506,'Sabo Express 2','high-voltage',NULL,'','03',11),(507,'Ilogbo','high-voltage',NULL,'','01',11),(508,'Shibbiri','high-voltage',NULL,'','02',11),(509,'Unity','high-voltage',NULL,'','01',11),(510,'Estate 3','high-voltage',NULL,'','02',11),(511,'Lasu','high-voltage',NULL,'','01',11),(512,'Oba Goriola','high-voltage',NULL,'','02',11),(513,'Alaba 2','high-voltage',NULL,'','01',11);

insert  into `cities`(`id`,`name`) values (2,'Abuja'),(3,'Akure'),(7,'Asaba'),(8,'Bauchi'),(4,'Calabar'),(9,'Dutse'),(10,'Eket'),(5,'Ibadan'),(11,'Ikeja'),(12,'Jimeta'),(13,'Karu'),(14,'Lafia'),(1,'Lagos'),(19,'Ogaminana'),(17,'Orlu'),(18,'Sokoto'),(21,'Suleja'),(6,'Uyo'),(20,'Warri'),(16,'Yola'),(15,'Zaria');

insert  into `business_districts`(`id`,`city_id`,`name`,`manager`,`phoneNumber`,`address`,`code`) values (15,1,'ISLANDS',NULL,NULL,NULL,'10'),(16,1,'LEKKI',NULL,NULL,NULL,'11'),(17,1,'MUSHIN',NULL,NULL,NULL,'12'),(18,1,'OJO',NULL,NULL,NULL,'17'),(19,1,'APAPA',NULL,NULL,NULL,'13'),(20,1,'AGBARA',NULL,NULL,NULL,'15'),(21,1,'IJORA',NULL,NULL,NULL,'14'),(22,1,'FESTAC',NULL,NULL,NULL,'16');

insert  into `power_sources`(`id`,`name`,`capacity`,`address`) values (16,'ALAGBON TS',45,''),(18,'AJAH TS',30,''),(19,'IJORA TS',45,''),(20,'LEKKI TS',45,''),(21,'ISOLO TS',45,''),(22,'AKANGBA TS',45,''),(23,'ITIRE TS',45,''),(24,'AMUWO TS',30,''),(25,'AKOKA TS',45,'');

insert  into `injection_substations`(`id`,`business_district_id`,`name`,`address`,`code`) values (76,15,'Ademola',NULL,'01'),(78,15,'Anifowoshe',NULL,'02'),(79,15,'Alagbon Local',NULL,'03'),(80,15,'Fowler',NULL,'04'),(81,15,'Keffi ',NULL,'05'),(82,15,'Maroko',NULL,'06'),(83,15,'Ajele ',NULL,'07'),(84,15,'Berkley',NULL,'08'),(85,15,'New Custom',NULL,'09'),(86,15,'New Idumagbo',NULL,'10'),(87,16,'Lekki ',NULL,'01'),(88,16,'Agungi',NULL,'02'),(89,16,'Oke Ira ',NULL,'03'),(90,16,'VGC',NULL,'04'),(91,16,'Ajah Local',NULL,'05'),(92,17,'Isolo',NULL,'01'),(93,17,'Nitel',NULL,'02'),(94,17,'Idi Araba',NULL,'03'),(95,17,'Luth',NULL,'04'),(96,17,'Ijesha',NULL,'05'),(97,17,'Adelabu',NULL,'06'),(98,17,'Iganmu',NULL,'07'),(99,17,'Orile',NULL,'08'),(100,17,'Sanya',NULL,'09'),(101,19,'Amuwo Local',NULL,'01'),(102,19,'Apapa Road Local',NULL,'02'),(103,19,'Badia Local ',NULL,'03'),(104,19,'Apapa Mains Local ',NULL,'04'),(105,21,'NRC',NULL,'01'),(106,21,'Akoka Local',NULL,'02'),(107,21,'Ijora Causeway',NULL,'03'),(108,21,'New Yaba',NULL,'04'),(109,21,'Tejuosho',NULL,'05'),(110,20,'Agbara Local',NULL,'01'),(111,20,'Badagry',NULL,'02'),(112,22,'Festac',NULL,'01'),(113,22,'Satellite',NULL,'02'),(114,22,'Trade Fair',NULL,'03'),(115,22,'Kirikiri',NULL,'04'),(116,22,'Tincan',NULL,'05'),(117,22,'4th',NULL,'06'),(118,18,'Ojo Local',NULL,'01'),(119,18,'Ajangbadi',NULL,'02'),(120,18,'Iba',NULL,'03'),(121,18,'Alaba',NULL,'04');

insert  into `injection_substation_power_sources`(`injection_substation_id`,`power_source_id`) values (76,16),(78,16),(79,16),(80,16),(81,16),(82,18),(85,19),(86,16),(87,20),(88,20),(89,18),(90,18),(92,21),(93,21),(94,21),(94,22),(95,21),(95,22),(96,23),(97,22),(98,22),(99,22),(100,22),(105,22),(106,25),(107,19),(108,25),(109,25);

insert  into `power_transformers`(`id`,`injection_substation_id`,`name`,`status`,`code`) values (200,76,'Ademola T1','','01'),(201,76,'Ademola T2','','02'),(202,76,'Ademola T3','','03'),(203,78,'Anifowoshe T1','','01'),(204,78,'Anifowoshe T2','','02'),(205,78,'Anifowoshe T3','','03'),(206,79,'Alagbon T1','','01'),(207,79,'Alagbon T2','','02'),(208,80,'Fowler T1','','01'),(209,80,'Fowler T2','','02'),(210,80,'Fowler T3','','03'),(211,81,'Keffi T1','','01'),(212,82,'Maroko T1','','01'),(213,82,'Maroko T2','','02'),(214,83,'Ajele T1','','01'),(215,83,'Ajele T2','','02'),(216,83,'Ajele T3','','03'),(217,84,'Berkley T1','','01'),(218,84,'Berkley T2','','02'),(219,84,'Berkley T3','','03'),(220,85,'New Custom T1','','01'),(221,85,'New Custom T2','','02'),(222,85,'New Custom T3','','03'),(223,86,'New Idumagbo T1','','01'),(224,86,'New Idumagbo T2','','02'),(225,87,'Lekki T1','','01'),(226,87,'Lekki T2','','02'),(227,87,'Lekki T3','','03'),(228,88,'Agungi T1','','01'),(229,88,'Agungi T2','','02'),(230,89,'Oke Ira T1','','01'),(231,90,'VGC T1','','01'),(232,90,'VGC T2','','02'),(233,91,'Ajah Local T1','','01'),(234,92,'Isolo T1','','01'),(235,92,'Isolo T2','','02'),(236,92,'Isolo T3','','03'),(237,93,'Nitel T1','','01'),(238,93,'Nitel T2','','02'),(239,93,'Nitel T3','','03'),(240,94,'Idi Araba T1','','01'),(241,94,'Idi Araba T2','','02'),(242,94,'Idi Araba T3','','03'),(243,95,'Luth T1','','01'),(244,95,'Luth T2','','02'),(245,96,'Ijesha T1','','01'),(246,96,'Ijesha T2','','02'),(247,97,'Adelabu T1','','01'),(248,97,'Adelabu T2','','02'),(249,97,'Adelabu T3','','03'),(250,98,'Iganmu T1','','01'),(251,98,'Iganmu T2','','02'),(252,98,'Iganmu T3','','03'),(253,99,'Orile T1','','01'),(254,99,'Orile T2','','02'),(255,100,'Sanya T1','','01'),(256,100,'Sanya T2','','02'),(257,101,'T3A','','03'),(258,102,'Apapa Road Local T1','','01'),(259,102,'Apapa Road Local T2','','02'),(260,103,'Badia Local T1','','01'),(261,103,'Badia Local T2','','02'),(262,104,'Apapa Mains Local T1','','01'),(263,104,'Apapa Mains Local T2','','02'),(264,104,'Apapa Mains Local T3','','03'),(265,105,'NRC T1','','01'),(266,105,'NRC T2','','02'),(267,105,'NRC T3','','03'),(268,106,'Akoka Local T1','','01'),(269,107,'Ijora Causeway T1','','01'),(270,107,'Ijora Causeway T2','','02'),(271,107,'Ijora Causeway T3','','03'),(272,108,'New Yaba T1','','01'),(273,108,'New Yaba T2','','02'),(274,108,'New Yaba T3','','03'),(276,109,'Tejuosho T1','','01'),(277,110,'Agbara Local T4','','01'),(278,110,'Agbara Local T5','','02'),(279,110,'Agbara Local T6','','03'),(280,111,'Badagry T1','','01'),(281,112,'Festac T1','','01'),(282,112,'Festac T2','','02'),(283,113,'Satellite T1','','01'),(284,113,'Satellite T2','','02'),(285,114,'Trade Fair T1','','01'),(286,115,'Kirikiri T1','','01'),(287,115,'Kirikiri T2','','02'),(288,115,'Kirikiri T3','','03'),(289,116,'Tincan T1','','01'),(290,116,'Tincan T2','','02'),(291,117,'4th T1','','01'),(292,117,'4th T2','','02'),(293,118,'Ojo Local T1','','01'),(294,118,'Ojo Local T2','','02'),(295,118,'Ojo Local T3','','03'),(296,119,'Ajangbadi T1','','01'),(297,119,'Ajangbadi T2','','02'),(298,120,'Iba T1','','01'),(299,120,'Iba T2','','02'),(300,121,'Alaba T1','','01');

insert  into `power_transformer_output_feeders`(`power_transformer_id`,`feeder_id`) values (200,251),(200,252),(201,253),(201,254),(201,255),(201,256),(202,257),(202,258),(203,259),(203,260),(203,261),(203,262),(203,263),(204,264),(204,265),(204,266),(204,267),(205,268),(205,269),(205,270),(205,271),(206,272),(206,273),(206,274),(207,275),(207,276),(207,277),(207,278),(208,279),(208,280),(208,281),(208,282),(208,283),(209,284),(209,285),(209,286),(209,287),(210,288),(210,289),(210,290),(210,291),(211,292),(211,293),(211,294),(212,295),(212,296),(212,297),(212,298),(213,299),(213,300),(213,301),(213,302),(213,303),(213,304),(214,305),(214,306),(214,307),(215,308),(215,309),(215,310),(216,311),(216,312),(216,313),(217,314),(217,315),(217,316),(218,317),(218,318),(219,319),(220,320),(220,321),(220,322),(221,323),(221,324),(221,325),(223,326),(224,327),(224,328),(225,329),(225,330),(225,331),(226,332),(226,333),(226,334),(227,335),(227,336),(227,337),(228,338),(228,339),(230,340),(230,341),(230,342),(230,343),(231,344),(231,345),(232,346),(232,347),(233,348),(233,349),(233,350),(235,351),(236,352),(236,353),(237,354),(237,355),(237,356),(238,357),(238,358),(238,359),(238,360),(238,361),(239,362),(239,363),(241,364),(241,365),(242,366),(242,367),(243,368),(243,369),(244,370),(244,371),(244,372),(245,373),(245,374),(245,375),(246,376),(246,377),(246,378),(247,379),(247,380),(247,381),(248,382),(248,383),(248,384),(249,385),(249,386),(251,387),(251,388),(252,391),(252,392),(253,393),(253,394),(253,395),(255,396),(255,397),(256,398),(256,399),(258,405),(258,406),(258,407),(258,408),(259,409),(259,410),(259,411),(260,412),(260,413),(261,414),(261,415),(261,416),(261,417),(262,418),(262,419),(263,420),(263,421),(264,422),(264,423),(265,424),(265,425),(265,426),(265,427),(266,428),(266,430),(266,431),(266,432),(268,433),(270,434),(270,435),(270,436),(270,437),(271,438),(271,439),(271,440),(272,441),(272,442),(272,443),(272,444),(273,446),(273,447),(274,448),(274,449),(274,450),(276,451),(276,452),(276,453),(277,455),(277,456),(277,457),(277,458),(278,459),(278,460),(278,461),(279,462),(279,463),(279,464),(279,465),(280,466),(280,467),(281,468),(281,469),(281,470),(282,471),(282,472),(282,473),(282,474),(283,475),(283,476),(284,477),(284,478),(285,479),(285,480),(285,481),(285,482),(285,483),(285,484),(286,485),(286,486),(286,487),(287,488),(287,489),(288,490),(289,491),(290,492),(291,493),(291,494),(292,495),(292,496),(293,497),(293,498),(293,499),(293,500),(294,501),(294,502),(294,503),(296,504),(296,505),(296,506),(297,507),(297,508),(298,509),(298,510),(299,511),(299,512),(300,513);

insert  into `distribution_transformers`(`id`,`power_transformer_id`,`feeder_id`,`name`,`status`,`code`,`rating`,`type`,`location`) values (12,200,251,'TIAMIYU SALVAGE, V/I','','002',500,'PRIVATE',NULL),(13,200,251,'IKOYI','','003',500,'PRIVATE',NULL),(14,200,251,'OLOSA BY KARIMU\nKOTUN, V/I','','004',500,'PRIVATE',NULL),(15,200,251,'KARIMU KOTUN STR,V/I','','005',500,'PRIVATE',NULL),(16,200,251,'KARIMU KOTUN\nBY OKO AWO STR,V/I','','006',500,'PRIVATE',NULL),(17,200,251,'OKO AWO STR, V/I','','007',500,'PRIVATE',NULL),(18,200,251,'ADEYEMO ALAKIJA STR,\n OFF S/FAFUNWA V/I','','008',500,'PRIVATE',NULL),(19,200,251,'KARIMU KOTUN BY\n OYIN JOLAYEMI STR, V/I','','009',500,'PRIVATE',NULL),(114,200,251,'13, Olosa Street','','301',500,'PRIVATE',NULL),(115,200,251,'16, Karimu Kotun','','302',200,'PRIVATE',NULL),(116,200,251,'Access Bank Oko-Awo','','303',200,'PRIVATE',NULL),(117,200,251,'Adeyemo A./Idowu Taylor','','304',500,'PRIVATE',NULL),(118,200,251,'Africa Re-Insurance','','305',1250,'PRIVATE',NULL),(119,200,251,'Afro-Continental','','306',500,'PRIVATE',NULL),(120,200,251,'Agip House I','','307',800,'PRIVATE',NULL),(121,200,251,'Agip House II','','308',800,'PRIVATE',NULL),(122,200,251,'Aliko Dangote','','309',200,'PRIVATE',NULL),(123,200,251,'Arik Insurance','','310',500,'PRIVATE',NULL),(124,200,251,'Bank PHB','','311',200,'PRIVATE',NULL),(125,200,251,'Blue Sea Investment Ltd.  S/Tinubu','','312',500,'PRIVATE',NULL),(126,200,251,'Chief MRS Olabanji.M.Adewole,Plots Joseph ahman close  V.I','','313',300,'PRIVATE',NULL),(127,200,251,'Commerce House I','','314',500,'PRIVATE',NULL),(128,200,251,'Commerce House II','','315',500,'PRIVATE',NULL),(129,200,251,'Construction House','','316',300,'PRIVATE',NULL),(130,200,251,'Cotecna Engineering Close','','317',300,'PRIVATE',NULL),(131,200,251,'Delta Liaison','','318',300,'PRIVATE',NULL),(132,200,251,'Eleganza House','','319',1000,'PRIVATE',NULL),(133,200,251,'Femi Okunnu (Alhaji),3c Karimo Kotun str v-Island','','320',300,'PRIVATE',NULL),(134,200,251,'Fortune Bank I','','321',1250,'PRIVATE',NULL),(136,200,251,'Globe A. Alakija','','323',500,'PRIVATE',NULL),(137,200,251,'GTB Alakija','','324',300,'PRIVATE',NULL),(138,200,251,'Guaranty Trust Bank','','325',300,'PRIVATE',NULL),(139,200,251,'I.G.I.A. Hopewell','','326',500,'PRIVATE',NULL),(140,200,251,'Kings College','','327',500,'PRIVATE',NULL),(141,200,251,'LUNAR HOMES','','328',200,'PRIVATE',NULL),(142,200,251,'Multi Choice','','329',200,'PRIVATE',NULL),(143,200,251,'Munchies','','330',500,'PRIVATE',NULL),(144,200,251,'N.U.J.A. Alakija','','331',500,'PRIVATE',NULL),(145,200,251,'NISTF','','332',500,'PRIVATE',NULL),(146,200,251,'\"NISTF (OMEGA BANK)\"','','333',500,'PRIVATE',NULL),(147,200,251,'OCBN Nigeria Ltd','','334',200,'PRIVATE',NULL),(148,200,251,'Oceanic Bank PLC','','335',200,'PRIVATE',NULL),(149,200,251,'O\'Vica','','336',500,'PRIVATE',NULL),(150,200,251,'Phylus Brown Hospitality Holding Ltd','','337',200,'PRIVATE',NULL),(151,200,251,'Plot 1382 Tiamiyu Savage','','338',200,'PRIVATE',NULL),(152,200,251,'PRESTIGE ASSURANCE','','339',1000,'PRIVATE',NULL),(153,200,251,'Saro Close','','340',300,'PRIVATE',NULL),(154,200,251,'Skye Bank PLC','','341',500,'PRIVATE',NULL),(155,200,251,'Tastee Fried Chicken','','342',500,'PRIVATE',NULL),(156,200,251,'UBA Alakija','','343',200,'PRIVATE',NULL),(157,200,251,'UBA Engineering','','344',750,'PRIVATE',NULL),(158,200,251,'Zenith Bank PLC','','345',100,'PRIVATE',NULL),(159,200,251,'Zenith Bank Plc, Olosa','','346',200,'PRIVATE',NULL),(160,200,251,'Zenon Oil','','347',200,'PRIVATE',NULL),(161,200,251,'Fortune Bank II','','322',1000,'PRIVATE',NULL),(162,201,253,'Eletu Ogabi','','001',500,'PUBLIC','ELETU OGABI STR'),(163,201,253,'Saka T / Agorodiyan','','002',300,'PUBLIC','SAKA TINUBU, V/I'),(164,201,253,'\"Saka T /A. Ojikutu(Local)\"','','003',300,'PUBLIC','\"SAKA TINU BY A. OJIKUTU\"'),(165,201,253,'\"Amodu O / Sam A. Local\"','','004',300,'PUBLIC','AMODU OJIKU TTU'),(166,201,253,'Bishop Oluwole/Akin A.','','005',300,'PUBLIC','BISHOP OLUWLE STR'),(167,201,253,'62, A. Ademola','','301',200,'PRIVATE',NULL),(168,201,253,'Agorodiyan Local','','302',500,'PRIVATE',NULL),(169,201,253,'Albert Product Nig Ltd','','303',300,'PRIVATE',NULL),(170,201,253,'Celia Motophone 27 \"','','304',300,'PRIVATE',NULL),(171,201,253,'Coscharis Motor','','305',500,'PRIVATE',NULL),(172,201,253,'Dangote House','','306',500,'PRIVATE',NULL),(173,201,253,'Eco Bank(All State)Odeku','','307',300,'PRIVATE',NULL),(174,201,253,'Econet Wireless Sam A.','','308',300,'PRIVATE',NULL),(175,201,253,'Equitorial Trust Bank Plc','','309',100,'PRIVATE',NULL),(176,201,253,'First Bank plc','','310',200,'PRIVATE',NULL),(177,201,253,'General Oil Saka T.','','311',200,'PRIVATE',NULL),(178,201,253,'Globacom 25 Saka T.','','312',200,'PRIVATE',NULL),(180,201,253,'Globacomm Nig. Ltd.','','314',200,'PRIVATE',NULL),(181,201,253,'Gulf Oil','','315',200,'PRIVATE',NULL),(182,201,253,'I.M.B. (Finbank) I','','316',630,'PRIVATE',NULL),(183,201,253,'I.M.B. (Finbank) II','','317',300,'PRIVATE',NULL),(184,201,253,'Intercellular Com.','','318',500,'PRIVATE',NULL),(185,201,253,'KENOL','','319',300,'PRIVATE',NULL),(186,201,253,'Micheal Restaurant','','320',300,'PRIVATE',NULL),(187,201,253,'Monarch Comm.','','321',500,'PRIVATE',NULL),(188,201,253,'MTN Comm.','','322',200,'PRIVATE',NULL),(189,201,253,'MTS First Wireless','','323',500,'PRIVATE',NULL),(190,201,253,'NITEL I Saka T.','','324',1000,'PRIVATE',NULL),(191,201,253,'NITEL II Saka T.','','325',1000,'PRIVATE',NULL),(192,201,253,'Plot 1301C Akin A.','','326',500,'PRIVATE',NULL),(193,201,253,'Reliance Telecom','','327',300,'PRIVATE',NULL),(194,201,253,'Saka T./K.Ekemode','','328',500,'PRIVATE',NULL),(195,201,253,'Scan Water I','','329',630,'PRIVATE',NULL),(196,201,253,'Scan Water II','','330',200,'PRIVATE',NULL),(197,201,253,'Stanbic/IBTC A. Ademola','','331',200,'PRIVATE',NULL),(198,201,253,'Swift Network','','332',300,'PRIVATE',NULL),(199,201,253,'Tukur House','','333',300,'PRIVATE',NULL),(200,201,253,'UBA A. Ademola','','334',100,'PRIVATE',NULL),(201,201,253,'Zenith Bank','','335',200,'PRIVATE',NULL),(202,201,253,'RMCK CONSTRUCTION','','336',1600,'PRIVATE',NULL),(203,201,253,'FAHRENHEIT HOTEL','','337',500,'PRIVATE',NULL),(204,201,253,'HERITAGE BANK PLC','','338',100,'PRIVATE',NULL),(205,201,253,'Globacom 25 Saka T. 2','','313',1000,'PRIVATE',NULL),(206,200,254,'A.Hopewell/S.Fafunwa Local','','001',500,'PUBLIC','\"ADEOLA HOPEWELL, V/I\"'),(207,200,254,'Daewoo Local','','002',500,'PUBLIC','\"ADEOLA HOPEWELL, V/I\"'),(208,200,254,'\"Ademola/AboyadeLocal\"','','003',500,'PUBLIC','ABOYADE COLE STR,  V/I'),(209,200,254,'SHOPPER\'S DELIGHT','','301',300,'PRIVATE',NULL),(210,200,254,'ALHAJI KOLA OSENI','','302',500,'PRIVATE',NULL),(211,200,254,'FIRST BANK NIG. LTD','','303',300,'PRIVATE',NULL),(212,200,254,'1004 Flat B','','304',500,'PRIVATE',NULL),(213,200,254,'1004 Flat C','','305',500,'PRIVATE',NULL),(214,200,254,'1004 Flat D','','306',500,'PRIVATE',NULL),(215,200,254,'1004 Flat E','','307',500,'PRIVATE',NULL),(216,200,254,'1004 Flat F','','308',500,'PRIVATE',NULL),(217,200,254,'1004 Flat G','','309',500,'PRIVATE',NULL),(218,200,254,'1004 Flat H','','310',500,'PRIVATE',NULL),(219,200,254,'1004 Flat I','','311',500,'PRIVATE',NULL),(220,200,254,'1004 Flat J','','312',500,'PRIVATE',NULL),(221,200,254,'1004 Flat K','','313',500,'PRIVATE',NULL),(222,200,254,'1004 Flat L','','314',500,'PRIVATE',NULL),(223,200,254,'1004 Flat M','','315',500,'PRIVATE',NULL),(224,200,254,'1004 Flat N','','316',500,'PRIVATE',NULL),(225,200,254,'1004 Flat O','','317',500,'PRIVATE',NULL),(226,200,254,'1004 Flat P','','318',500,'PRIVATE',NULL),(227,200,254,'1004 Flat Q','','319',500,'PRIVATE',NULL),(228,200,254,'1004 Flat R','','320',500,'PRIVATE',NULL),(229,200,254,'1004 Flat S','','321',500,'PRIVATE',NULL),(230,200,254,'1004 Flat T','','322',500,'PRIVATE',NULL),(231,200,254,'1004 Flat U','','323',500,'PRIVATE',NULL),(232,200,254,'1004 Flat V','','324',500,'PRIVATE',NULL),(233,200,254,'1004 Flat W','','325',500,'PRIVATE',NULL),(234,200,254,'1004 Flat X','','326',500,'PRIVATE',NULL),(235,200,254,'1004 Flat Y','','327',500,'PRIVATE',NULL),(236,200,254,'1004 Flat Z','','328',500,'PRIVATE',NULL),(237,200,254,'1004 Shopping Complex','','329',500,'PRIVATE',NULL),(238,200,254,'40, Adeola Hopewell str','','330',300,'PRIVATE',NULL),(239,200,254,'\"A.Hopewell/S.Fafunwa Loc\"','','331',500,'PRIVATE',NULL),(240,200,254,'Access Bank','','332',100,'PRIVATE',NULL),(241,200,254,'Akibo Savage/A.Ademola','','333',500,'PRIVATE',NULL),(242,200,254,'Alhaji N.A. Oluwasola','','334',300,'PRIVATE',NULL),(243,200,254,'Angel Hospitality Service','','335',100,'PRIVATE',NULL),(244,200,254,'Bank PHB Adeola Hopewell str','','336',300,'PRIVATE',NULL),(245,200,254,'Bank PHB Plc','','337',500,'PRIVATE',NULL),(246,200,254,'Bankers House','','338',500,'PRIVATE',NULL),(247,200,254,'C. AVERTOON','','339',300,'PRIVATE',NULL),(248,200,254,'Civic Centre','','340',500,'PRIVATE',NULL),(249,200,254,'Diamond Bank','','341',300,'PRIVATE',NULL),(250,200,254,'F.C.M.B.','','342',100,'PRIVATE',NULL),(251,200,254,'Fin Bank','','343',300,'PRIVATE',NULL),(252,200,254,'First Bank','','344',300,'PRIVATE',NULL),(253,200,254,'Green Lion Casion','','345',200,'PRIVATE',NULL),(254,200,254,'GTB','','346',500,'PRIVATE',NULL),(255,200,254,'Intercontinenetal Home','','347',200,'PRIVATE',NULL),(256,200,254,'Lagoon View','','348',300,'PRIVATE',NULL),(257,200,254,'Law School Auditorium','','349',750,'PRIVATE',NULL),(258,200,254,'N.I.M Afri Bank Street','','350',500,'PRIVATE',NULL),(259,200,254,'Plt 1609 A.Hopewell str, JOHN HOLT','','351',300,'PRIVATE',NULL),(260,200,254,'Spring Bank A.Hopewell','','352',300,'PRIVATE',NULL),(261,200,254,'Starcoomm','','353',300,'PRIVATE',NULL),(262,200,254,'Sterling Bank A.Hopewell','','354',300,'PRIVATE',NULL),(263,200,254,'Sweet Sensation','','355',300,'PRIVATE',NULL),(264,200,254,'Tip - Top','','356',200,'PRIVATE',NULL),(265,200,254,'United Mortgage','','357',100,'PRIVATE',NULL),(266,200,254,'Unity Bank','','358',300,'PRIVATE',NULL),(267,200,254,'Unity Bank PLC','','359',300,'PRIVATE',NULL),(268,200,254,'Zenith  Bank I','','360',500,'PRIVATE',NULL),(269,200,254,'Zenith  Bank II','','361',500,'PRIVATE',NULL),(270,200,254,'Atlantic Energy','','362',100,'PRIVATE',NULL),(271,200,254,'Clina lancey Laboratory','','363',200,'PRIVATE',NULL),(272,200,254,'Nathan dry cleaning Services ltd','','364',300,'PRIVATE',NULL),(273,200,254,'Trend media centre','','365',100,'PRIVATE',NULL),(274,201,255,'Ahmed Onibudo Local','','001',300,'PUBLIC','AHMED ONIBUDO'),(275,201,255,'Idowu Taylor Relief S/S','','002',500,'PUBLIC','IDOWU TAYOR, V/I'),(276,201,255,'8B Ademola','','003',100,'PUBLIC','ADEMOLA A.'),(277,201,255,'Access Bank PLC','','301',200,'PRIVATE',NULL),(278,201,255,'Afribank','','302',500,'PRIVATE',NULL),(279,201,255,'AIICO I Afribank Str','','303',500,'PRIVATE',NULL),(280,201,255,'AIICO II Afribank Str','','304',500,'PRIVATE',NULL),(281,201,255,'Allan Dic','','305',300,'PRIVATE',NULL),(282,201,255,'Aquitance Gas & Oil','','306',300,'PRIVATE',NULL),(283,201,255,'British America Tobacco','','307',500,'PRIVATE',NULL),(284,201,255,'Burn Berry','','308',500,'PRIVATE',NULL),(285,201,255,'Church Gate','','309',2500,'PRIVATE',NULL),(286,201,255,'Club Tower','','310',300,'PRIVATE',NULL),(287,201,255,'Committee of V.Chancelor','','311',300,'PRIVATE',NULL),(288,201,255,'Conoco Philips','','312',300,'PRIVATE',NULL),(289,201,255,'Elpina','','313',300,'PRIVATE',NULL),(290,201,255,'GTB Head Office','','314',2000,'PRIVATE',NULL),(291,201,255,'Home Base Mortgage','','315',200,'PRIVATE',NULL),(292,201,255,'ICAN','','316',300,'PRIVATE',NULL),(293,201,255,'Iintercont.Security \"','','317',200,'PRIVATE',NULL),(294,201,255,'Institute of Qty Surveyor','','318',500,'PRIVATE',NULL),(295,201,255,'Intercont.Bank A.Hopewell','','319',100,'PRIVATE',NULL),(296,201,255,'KINGS COURT CHAPEL I','','320',750,'PRIVATE',NULL),(297,201,255,'KINGS COURT CHAPEL II','','321',500,'PRIVATE',NULL),(298,201,255,'Lagos Business School','','322',315,'PRIVATE',NULL),(299,201,255,'Law School A. Hopewell','','323',300,'PRIVATE',NULL),(301,201,255,'N.B.A. Adeola Hopewell','','325',500,'PRIVATE',NULL),(302,201,255,'N.S.E.','','326',500,'PRIVATE',NULL),(303,201,255,'N.U.C.','','327',750,'PRIVATE',NULL),(304,201,255,'Nurse Home','','328',500,'PRIVATE',NULL),(305,201,255,'Oceanic Bank','','329',200,'PRIVATE',NULL),(306,201,255,'Princess Courts','','330',500,'PRIVATE',NULL),(307,201,255,'Regency Suite','','331',500,'PRIVATE',NULL),(308,201,255,'Resourcy plc ,18 Adeola Hopewell st','','332',300,'PRIVATE',NULL),(309,201,255,'Total','','333',1000,'PRIVATE',NULL),(310,201,255,'U.B.A. Bank','','334',750,'PRIVATE',NULL),(311,201,255,'Union Bank I','','335',1000,'PRIVATE',NULL),(312,201,255,'Union Bank II','','336',750,'PRIVATE',NULL),(313,201,255,'Virgin Tech','','337',300,'PRIVATE',NULL),(314,201,255,'Wema Bank Plc','','338',500,'PRIVATE',NULL),(315,201,255,'Westminister A. Hopewell','','339',500,'PRIVATE',NULL),(316,201,255,'NIA','','340',750,'PRIVATE',NULL),(317,201,255,'Law School Auditorium 2','','324',300,'PRIVATE',NULL),(318,201,256,'KPMG','','301',NULL,'PRIVATE',NULL),(319,202,257,'Amodu Tijani I Local','','001',500,'PUBLIC','AMODU OJIKU TTU'),(320,202,257,'Amodu Tijani II Local','','002',300,'PUBLIC','AMODU OJIKU TTU'),(321,202,257,'Sanusi Fafunwa Relief S/S','','003',500,'PUBLIC','SANUSI FANFUWA'),(322,202,257,'Sanusi Fafunwa Local','','004',300,'PUBLIC','SANUSI FANFUWA'),(324,202,257,'Baihmo Kanku','','302',315,'PRIVATE',NULL),(325,202,257,'Brass L.N.G.','','303',100,'PRIVATE',NULL),(326,202,257,'C&C Construction Plaza','','304',500,'PRIVATE',NULL),(327,202,257,'Consortium House Annex','','305',500,'PRIVATE',NULL),(329,202,257,'Continental Trust Bank','','307',300,'PRIVATE',NULL),(330,202,257,'Coscharis Auto Indus. Ltd','','308',300,'PRIVATE',NULL),(331,202,257,'Country Wide Property','','309',500,'PRIVATE',NULL),(332,202,257,'Daily Needs','','310',300,'PRIVATE',NULL),(333,202,257,'EcoBank','','311',500,'PRIVATE',NULL),(334,202,257,'Fidelity bank A.Alakija','','312',500,'PRIVATE',NULL),(335,202,257,'Fidelity Bank PLC.','','313',300,'PRIVATE',NULL),(337,202,257,'J.Abed Ent.','','315',300,'PRIVATE',NULL),(338,202,257,'Karta Garden','','316',500,'PRIVATE',NULL),(339,202,257,'KILIMANJARO','','317',100,'PRIVATE',NULL),(340,202,257,'Ladico Holding','','318',315,'PRIVATE',NULL),(341,202,257,'Lata Yette','','319',300,'PRIVATE',NULL),(342,202,257,'Lead Merchan Bank','','320',300,'PRIVATE',NULL),(343,202,257,'MR. ADESANYA TOKUNBO','','321',200,'PRIVATE',NULL),(344,202,257,'Murphy\'s Plaza','','322',300,'PRIVATE',NULL),(345,202,257,'N0.2, S, Fafunwa','','323',200,'PRIVATE',NULL),(346,202,257,'Nigeria LNG Ltd','','324',500,'PRIVATE',NULL),(347,202,257,'Plt 1664 Oyin Jolayemi','','325',100,'PRIVATE',NULL),(348,202,257,'Plt 1677 O.Bakare Local','','326',300,'PRIVATE',NULL),(349,202,257,'Plt 1678 Olukunle Bakare','','327',500,'PRIVATE',NULL),(350,202,257,'Plt 1681 Olukunle Bakare','','328',500,'PRIVATE',NULL),(351,202,257,'Plt 1682 Olukunle Bakare','','329',500,'PRIVATE',NULL),(352,202,257,'Pro Tea Hotel V.Yough str','','330',500,'PRIVATE',NULL),(353,202,257,'Stanbic/IBTC','','331',100,'PRIVATE',NULL),(355,202,257,'Standard Chartered Bank','','333',100,'PRIVATE',NULL),(356,202,257,'Sterling Bank','','334',200,'PRIVATE',NULL),(358,202,257,'Victory House O.Jolayemi','','336',500,'PRIVATE',NULL),(359,202,257,'Access Bank 2','','301',500,'PRIVATE',NULL),(360,202,257,'Construction House 2','','306',500,'PRIVATE',NULL),(361,202,257,'GTB 2','','314',500,'PRIVATE',NULL),(362,202,257,'Stanbic/IBTC 2','','332',500,'PRIVATE',NULL),(363,202,257,'Unity Bank PLC 2','','335',200,'PRIVATE',NULL),(364,203,261,'5th RMU','','001',500,'PUBLIC','Kofo Abayomi/VI'),(365,203,261,'Isola Oyekan','','002',300,'PUBLIC','Adeleke Adedoyin/VI'),(366,203,261,'Fiki','','003',300,'PUBLIC','Ozumba/VI'),(367,203,261,'Sapara Williams Local','','004',500,'PUBLIC','Sapara Williams /VI'),(368,203,261,'Musa Y./A.Adedoyin','','005',500,'PUBLIC','Adeleke Adedoyin/VI'),(369,203,261,'Musa Y./K. Abayomi','','006',500,'PUBLIC','MUSA YARADIUA, V/I'),(370,203,261,'Kofo A / A/ Adedoyin','','007',300,'PUBLIC','Adeleke Adedoyin/VI'),(371,203,261,'A. Adedoyin','','008',300,'PUBLIC','Adeleke Adedoyin/VI'),(372,203,261,'Tambolo A,Hopewell Local','','009',500,'PUBLIC','ADEOLA HOPEWELL, V/I'),(373,203,261,'ALHAJA LAWANI RAMOTA ASABI','','301',500,'PRIVATE',NULL),(374,203,261,'Eko Hotel, 3&4,Sapara williams str, V.I','','302',300,'PRIVATE',NULL),(375,203,261,'Eko Hotel, 3&4,Sapara williams str, V.I (2)','','303',300,'PRIVATE',NULL),(376,203,261,'ELF I','','304',500,'PRIVATE',NULL),(377,203,261,'ELF II','','305',500,'PRIVATE',NULL),(378,203,261,'Goodies Supermarket','','306',300,'PRIVATE',NULL),(379,203,261,'K. Edgai Estate','','307',300,'PRIVATE',NULL),(380,203,261,'M/S STALLION MOTORS LTD','','308',200,'PRIVATE',NULL),(381,203,261,'Magbon House','','309',300,'PRIVATE',NULL),(382,203,261,'Mr Biggs','','310',300,'PRIVATE',NULL),(383,203,261,'Netherland Embassy','','311',300,'PRIVATE',NULL),(384,203,261,'Oceanic Bank S/S','','312',300,'PRIVATE',NULL),(385,203,261,'Polo Club','','313',200,'PRIVATE',NULL),(386,203,261,'Skye Bank PLC, A/Adedoyin, VI','','314',100,'PRIVATE',NULL),(387,203,261,'Spanish Embassy','','315',100,'PRIVATE',NULL),(388,203,261,'SUNDARY FOODS LIMITED','','316',100,'PRIVATE',NULL),(389,203,261,'Telnet','','317',300,'PRIVATE',NULL),(391,203,261,'DOYIN INVESTMENT LTD','','319',1000,'PRIVATE',NULL),(392,203,261,'STALLION NMNL','','320',750,'PRIVATE',NULL),(393,203,261,'Zenith Bank 2','','318',100,'PRIVATE',NULL),(394,203,262,'15, Goriola Street','','001',500,'PUBLIC','15, Goriola Street/ VI'),(395,203,262,'Flamingo','','002',300,'PUBLIC','Kofo Abayomi/ VI'),(396,203,262,'Police Affairs','','003',300,'PUBLIC','Kofo Abayomi/VI'),(397,203,262,'\"Anifowoshe/Kofo Abayomi\"','','004',500,'PUBLIC','Anifowoshe/VI'),(398,203,262,'\"KofoAbayomi/Anifowoshe\"','','005',500,'PUBLIC','ANIFOWOSHE'),(399,203,262,'DIC','','006',300,'PUBLIC','IKOYI'),(400,203,262,'Air Force Officers Mess','','301',300,'PRIVATE',NULL),(401,203,262,'American Embassy','','302',300,'PRIVATE',NULL),(402,203,262,'Australian Embassy','','303',500,'PRIVATE',NULL),(403,203,262,'British Embassy','','304',800,'PRIVATE',NULL),(404,203,262,'Canadian High Comm.','','305',300,'PRIVATE',NULL),(405,203,262,'Eco Bank I','','306',200,'PRIVATE',NULL),(406,203,262,'Eco Bank II','','307',1000,'PRIVATE',NULL),(407,203,262,'Eleke Crescent Local','','308',500,'PRIVATE',NULL),(408,203,262,'Erricson','','309',500,'PRIVATE',NULL),(409,203,262,'Fidelity Bank','','310',500,'PRIVATE',NULL),(410,203,262,'Fidelity Bank Plc','','311',1000,'PRIVATE',NULL),(412,203,262,'German Embassy','','313',300,'PRIVATE',NULL),(413,203,262,'IBTC I HOUSE','','314',1000,'PRIVATE',NULL),(414,203,262,'IBTC II','','315',1000,'PRIVATE',NULL),(415,203,262,'IBTC Residence','','316',1000,'PRIVATE',NULL),(416,203,262,'Indian Embassy','','317',500,'PRIVATE',NULL),(417,203,262,'Italian Embassy','','318',500,'PRIVATE',NULL),(418,203,262,'Japanees Embassy','','319',300,'PRIVATE',NULL),(419,203,262,'Lagos Resource Centre','','320',500,'PRIVATE',NULL),(420,203,262,'Min of Science & Tech','','321',300,'PRIVATE',NULL),(421,203,262,'Ministry of Health','','322',300,'PRIVATE',NULL),(422,203,262,'NAPEX','','323',500,'PRIVATE',NULL),(423,203,262,'Netherlan Embassy','','324',300,'PRIVATE',NULL),(424,203,262,'Nig Inst of Int. Affairs','','325',300,'PRIVATE',NULL),(425,203,262,'NNPC I','','326',800,'PRIVATE',NULL),(426,203,262,'NNPC II','','327',800,'PRIVATE',NULL),(427,203,262,'Paradise','','328',300,'PRIVATE',NULL),(428,203,262,'Police AffairsComm.','','329',300,'PRIVATE',NULL),(429,203,262,'Russian Embassy','','330',300,'PRIVATE',NULL),(430,203,262,'LTD\"','','331',200,'PRIVATE',NULL),(431,203,262,'Flamingo 2','','312',300,'PRIVATE',NULL),(432,203,263,'Eleke Local','Eleke Crescent/VI','001',500,'PUBLIC',NULL),(433,203,263,'SUNSHINE TOWERS','','301',1500,'PRIVATE',NULL),(434,204,264,'Bishop Oluwole by Oju Olobun','','001',500,'PUBLIC','Bishop Oluwole/VI'),(435,204,264,'Texaco Filling Station','','002',500,'PUBLIC','Ahmadu B./VI'),(436,204,264,'NEPA Business Unit','','003',300,'PUBLIC','Nepa Close/VI'),(437,204,264,'Teslim Elias II','','004',500,'PUBLIC','Elias Close/VI'),(438,204,264,'Teslim Elias I','','005',500,'PUBLIC','Elias Close/VI'),(439,204,264,'Teslim Elias III','','006',500,'PUBLIC','Elias Close/VI'),(440,204,264,'Police Barrack','','007',500,'PUBLIC','Ahmadu Bello way / VI'),(441,204,264,'Louis Solomon','','008',500,'PUBLIC','Louis Solomon'),(442,204,264,'Musa Yaradua 1st RMU','','009',500,'PUBLIC','Musa Yaradua/VI'),(443,204,264,'Inst. Of Oceanography','','010',500,'PUBLIC','AHMADU BELLO, V/I'),(444,204,264,'College of Oceanography','','011',300,'PUBLIC','AHMADU BELLO, V/I'),(445,204,264,'L. Solomon Close','','012',500,'PUBLIC','LOIUS SOLOMON, V/I'),(446,204,264,'Akarigbere','','013',300,'PUBLIC','AKARIGBERE STR'),(447,204,264,'Idejo','','014',300,'PUBLIC','Idejo Street /VI'),(448,204,264,'Elias Close Relief Substation','','015',500,'PUBLIC','Elias Close/VI'),(449,204,264,'Texaco/NEPA Close Relief S/S','','016',500,'PUBLIC','NEPA CLSOE'),(450,204,264,'All States Trust Bank','','301',500,'PRIVATE',NULL),(451,204,264,'Atlantic Royal Garden','','302',500,'PRIVATE',NULL),(452,204,264,'B&K Investment/Munchies','','303',300,'PRIVATE',NULL),(453,204,264,'Benue State Liaision','','304',300,'PRIVATE',NULL),(454,204,264,'Chams','','305',200,'PRIVATE',NULL),(455,204,264,'Citizen (Spring) Bank','','306',300,'PRIVATE',NULL),(457,204,264,'Eat and Go','','308',300,'PRIVATE',NULL),(458,204,264,'EW-TOM','','309',300,'PRIVATE',NULL),(459,204,264,'Globacom','','310',500,'PRIVATE',NULL),(460,204,264,'Julius Berger','','311',500,'PRIVATE',NULL),(461,204,264,'Leventis House','','312',300,'PRIVATE',NULL),(462,204,264,'MAERSK House','','313',800,'PRIVATE',NULL),(463,204,264,'Mint Admin I','','314',1500,'PRIVATE',NULL),(464,204,264,'Mint Admin II','','315',750,'PRIVATE',NULL),(465,204,264,'National Ind. Court','','316',300,'PRIVATE',NULL),(466,204,264,'Naval Docyard Hospital','','317',500,'PRIVATE',NULL),(467,204,264,'Naval Quarters','','318',300,'PRIVATE',NULL),(468,204,264,'NISSCO House','','319',200,'PRIVATE',NULL),(469,204,264,'NITEL Office','','320',300,'PRIVATE',NULL),(470,204,264,'NITEL Quarters','','321',500,'PRIVATE',NULL),(471,204,264,'Novena MAESTY','','322',300,'PRIVATE',NULL),(472,204,264,'NPA Quarters','','323',500,'PRIVATE',NULL),(473,204,264,'NTA I','','324',500,'PRIVATE',NULL),(474,204,264,'NTA II','','325',500,'PRIVATE',NULL),(475,204,264,'NTA III','','326',500,'PRIVATE',NULL),(476,204,264,'NTA Quarters','','327',500,'PRIVATE',NULL),(477,204,264,'Old Oniru Palace','','328',500,'PRIVATE',NULL),(478,204,264,'Oluwalogbon','','329',500,'PRIVATE',NULL),(479,204,264,'Plot 167 Oju Olobun','','330',300,'PRIVATE',NULL),(480,204,264,'Reliance (Standard)Bank','','331',500,'PRIVATE',NULL),(481,204,264,'Roman Garden','','332',300,'PRIVATE',NULL),(482,204,264,'Savana Guest House','','333',200,'PRIVATE',NULL),(483,204,264,'Silvana','','334',200,'PRIVATE',NULL),(485,204,265,'Anifowoshe Local','','001',500,'PUBLIC','Anifowoshe/VI'),(486,204,265,'NEPA Quarters','','002',300,'PUBLIC','Anifowoshe/VI'),(487,204,265,'Anifowoshe Inj s/s T/F','','003',100,'PUBLIC','ANIFOWOSHE'),(489,204,265,'African Int. Bank','','301',1600,'PRIVATE',NULL),(490,204,265,'Candy','','302',200,'PRIVATE',NULL),(491,204,265,'City Bank','','303',1600,'PRIVATE',NULL),(492,204,265,'Eko Court Block A','','304',1000,'PRIVATE',NULL),(493,204,265,'Eko Court Block B','','305',1000,'PRIVATE',NULL),(494,204,265,'Eko Court Block C','','306',1000,'PRIVATE',NULL),(496,204,265,'Oceanic Bank Admin','','308',300,'PRIVATE',NULL),(497,204,265,'The Palm Shopping Mall I','','309',2000,'PRIVATE',NULL),(498,204,265,'Water Front','','310',500,'PRIVATE',NULL),(499,204,266,'Ogheha House','','001',300,'PUBLIC','Idejo Street /VI'),(500,204,266,'Chairman -Damole street','','002',300,'PUBLIC','DANMOLE STR, V/I'),(502,204,266,'Bougues','','302',300,'PRIVATE',NULL),(503,204,266,'Challarams','','303',200,'PRIVATE',NULL),(504,204,266,'Chanted/IBTC I Bank','','304',1000,'PRIVATE',NULL),(505,204,266,'Chanted/IBTC II Bank','','305',1000,'PRIVATE',NULL),(506,204,266,'Chartered Bank','','306',300,'PRIVATE',NULL),(507,204,266,'Chiness Trade Centre','','307',300,'PRIVATE',NULL),(508,204,266,'Daks Investment','','308',400,'PRIVATE',NULL),(509,204,266,'Ekiti State House','','309',300,'PRIVATE',NULL),(510,204,266,'FADCO Plaza','','310',300,'PRIVATE',NULL),(511,204,266,'Festus Ogbedo','','311',500,'PRIVATE',NULL),(513,204,266,'ICON House','','313',2000,'PRIVATE',NULL),(514,204,266,'Inienga House','','314',100,'PRIVATE',NULL),(515,204,266,'Intercontinenal Bank I','','315',1000,'PRIVATE',NULL),(516,204,266,'Intercontinenal Bank II','','316',1000,'PRIVATE',NULL),(517,204,266,'Jafoto House','','317',300,'PRIVATE',NULL),(518,204,266,'L.S.D.P.C Block C','','318',300,'PRIVATE',NULL),(519,204,266,'L.S.D.P.C Block D','','319',300,'PRIVATE',NULL),(520,204,266,'LSDPC Blk E','','320',500,'PRIVATE',NULL),(521,204,266,'LSDPC Blk F','','321',500,'PRIVATE',NULL),(522,204,266,'LSDPC Block A','','322',300,'PRIVATE',NULL),(523,204,266,'Multi - Projects','','323',300,'PRIVATE',NULL),(524,204,266,'Nahman House','','324',300,'PRIVATE',NULL),(525,204,266,'Nig. First Int. Farm','','325',200,'PRIVATE',NULL),(526,204,266,'Niger first Classic Invst.','','326',500,'PRIVATE',NULL),(527,204,266,'Ogbeha House','','327',500,'PRIVATE',NULL),(528,204,266,'Plot 1618 Danmole street','','328',300,'PRIVATE',NULL),(529,204,266,'Polish Embassy','','329',300,'PRIVATE',NULL),(530,204,266,'Princesses Court','','330',500,'PRIVATE',NULL),(531,204,266,'Seidu House','','331',200,'PRIVATE',NULL),(532,204,266,'Towery Coker','','332',500,'PRIVATE',NULL),(534,204,267,'Agip Guest house','','302',315,'PRIVATE',NULL),(535,204,267,'Chiness Embassy','','303',300,'PRIVATE',NULL),(536,204,267,'Cumberland Hotel','','304',200,'PRIVATE',NULL),(537,204,267,'Dan-Cill I','','305',1000,'PRIVATE',NULL),(538,204,267,'Dan-Cill II','','306',750,'PRIVATE',NULL),(539,204,267,'DIAMOND BANK PLC','','307',200,'PRIVATE',NULL),(540,204,267,'INFRASTURACTURAL BANK PLC','','308',200,'PRIVATE',NULL),(541,204,267,'L.S.D.P.C Block B','','309',300,'PRIVATE',NULL),(542,204,267,'Mbadiwa Plaza','','310',300,'PRIVATE',NULL),(543,204,267,'Morning side hotel','','311',200,'PRIVATE',NULL),(545,204,267,'Silverbird I','','313',750,'PRIVATE',NULL),(546,204,267,'Silverbird II','','314',750,'PRIVATE',NULL),(547,204,264,'Citizen (Spring) Bank 3','','307',500,'PRIVATE',NULL),(548,204,264,'STANDARD CHARTERED BANK 2','','335',2000,'PRIVATE',NULL),(549,204,265,'Anifowoshe Local 2','','001',500,'PUBLIC','Anifowoshe/VI'),(550,204,266,'First Bank 2','','312',200,'PRIVATE',NULL),(552,204,267,'NEPA Quarters 2','','312',200,'PRIVATE',NULL),(554,204,267,'Access Bank 3','','301',100,'PRIVATE',NULL),(555,205,268,'Idowu M. / by Kofo A.','','001',500,'PUBLIC','Idowu Martins Str /VI'),(556,205,268,'Idowu M. by Akin Olugbade','','002',500,'PUBLIC','Idowu M. by Akin /VI Olugbade'),(557,205,268,'Giwa Odeku','','003',500,'PUBLIC','Adeola Odeku /VI'),(558,205,268,'Brazillian Local','','004',500,'PUBLIC','Kofo Abayomi /VI'),(559,205,268,'Kofo Abayomi Local I','','005',500,'PUBLIC','Kofo Abayomi /VI'),(560,205,268,'Kofo Abayomi Local II','','006',500,'PUBLIC','Kofo Abayomi/VI'),(561,205,268,'Ojora Close','','007',500,'PUBLIC','OJORA STR, V/I'),(562,205,268,'I.Martins / A. Odeku','','008',500,'PUBLIC','IDOWU MARTINS Str /VI'),(563,205,268,'I.Martins / A. Olugbade','','009',500,'PUBLIC','IDOWU MARTINS, V/I'),(564,205,268,'Afex Bank','','301',500,'PRIVATE',NULL),(565,205,268,'AIRTEL BOOSTER SITE LG 452','','302',50,'PRIVATE',NULL),(566,205,268,'Electronic Comm, 14, Agoro D.','','303',225,'PRIVATE',NULL),(567,205,268,'FIRST BANK OF NIG PLC','','304',100,'PRIVATE',NULL),(568,205,268,'Flour Mills','','305',200,'PRIVATE',NULL),(569,205,268,'Kayode Sotola 227Musa Y','','306',200,'PRIVATE',NULL),(570,205,268,'Kofo A II','','307',500,'PRIVATE',NULL),(571,205,268,'Kofo A. (Century Flat)','','308',500,'PRIVATE',NULL),(572,205,268,'Kofo A. I (Century Flat)','','309',500,'PRIVATE',NULL),(573,205,268,'Multilinks','','310',100,'PRIVATE',NULL),(574,205,268,'Plt 21A Musa Y. street','','311',300,'PRIVATE',NULL),(575,205,268,'Skyview I.Martins street','','312',500,'PRIVATE',NULL),(576,205,268,'Task Group (Lesotan Eke)','','313',300,'PRIVATE',NULL),(577,205,268,'ELANLAN CONSTRUCTION (GOLDEN TOWERS) I','','314',1000,'PRIVATE',NULL),(578,205,268,'ELANLAN CONSTRUCTION (GOLDEN TOWERS) II','','315',1000,'PRIVATE',NULL),(579,205,268,'BLUE LODGE CATERING(CRUST & CREAM)','','316',300,'PRIVATE',NULL),(580,205,268,'MTN BTS SITE','','317',50,'PRIVATE',NULL),(581,205,268,'CONCEPT STORE','','318',300,'PRIVATE',NULL),(582,205,269,'Abagbon Cose I','','001',500,'PUBLIC','Alagbon Close'),(583,205,269,'Abagbon Cose II','','002',300,'PUBLIC','Alagbon Close'),(584,205,269,'Saka Tinubu','','003',500,'PUBLIC','SAKA TINUBU, V/I'),(585,205,269,'Street Light','','004',500,'PUBLIC','Ologun Agbaje'),(586,205,269,'Saka/Ologun Agbaje','','005',500,'PUBLIC','Ologun Agbaje'),(587,205,269,'O.Agbaje./Ogalade I','','006',500,'PUBLIC','OLOGUN AGABAJE, V/I'),(588,205,269,'O.Agbaje./Ogalade II','','007',300,'PUBLIC','OLOGUN AGABAJE, V/I'),(589,205,269,'Olugbosi Close','','008',500,'PUBLIC','OLUGBOSI CLOSE'),(590,205,269,'Bishop Kale','','009',200,'PUBLIC','BISHOP KALE CLOSE,  V/I'),(591,205,269,'Kasimu Ekemode','','010',300,'PUBLIC','KASIMU EKEMODE'),(592,205,269,'NTA','','011',500,'PUBLIC','Ahamadu Bello way/ VI'),(593,205,269,'Bisho Oluwole/A.Ojikutu','','301',300,'PRIVATE',NULL),(594,205,269,'Bishop Oluwole/K.Ekemode','','302',500,'PRIVATE',NULL),(596,205,269,'Oju Olobun','','304',300,'PRIVATE',NULL),(597,205,269,'Oseni Logo','','305',500,'PRIVATE',NULL),(598,205,269,'Saka T. /O.Agbaje','','306',300,'PRIVATE',NULL),(599,205,269,'Adamawa State Laiison','','307',300,'PRIVATE',NULL),(600,205,269,'ADETOKUNBO ODUTOLA RESIDENCE','','308',100,'PRIVATE',NULL),(601,205,269,'Alaaye House','','309',315,'PRIVATE',NULL),(602,205,269,'Alcatel Nig Ltd','','310',300,'PRIVATE',NULL),(603,205,269,'Bank of the North','','311',300,'PRIVATE',NULL),(604,205,269,'Bar Beach I Blk A','','312',500,'PRIVATE',NULL),(605,205,269,'Bar Beach I Blk B','','313',500,'PRIVATE',NULL),(606,205,269,'Bar Beach I Blk C','','314',300,'PRIVATE',NULL),(607,205,269,'Bar Beach I Blk D','','315',300,'PRIVATE',NULL),(608,205,269,'Bar Beach I Blk E','','316',300,'PRIVATE',NULL),(609,205,269,'Baydonchester Hotel','','317',300,'PRIVATE',NULL),(610,205,269,'Cross River State Liaison','','318',300,'PRIVATE',NULL),(611,205,269,'CRYSTALIFE ASSURANCE','','319',300,'PRIVATE',NULL),(612,205,269,'Dumex','','320',300,'PRIVATE',NULL),(613,205,269,'Edo House','','321',300,'PRIVATE',NULL),(614,205,269,'Glo Guest House','','322',200,'PRIVATE',NULL),(615,205,269,'Hampton Suites','','323',100,'PRIVATE',NULL),(616,205,269,'Hobark Int\'l Ltd','','324',300,'PRIVATE',NULL),(617,205,269,'Idejo /Oju Olobun','','325',300,'PRIVATE',NULL),(618,205,269,'Kaduna State Laision','','326',500,'PRIVATE',NULL),(619,205,269,'Kogi State Liaision','','327',500,'PRIVATE',NULL),(620,205,269,'LEMMY COURT','','328',200,'PRIVATE',NULL),(621,205,269,'Liberty House','','329',500,'PRIVATE',NULL),(622,205,269,'Marina Int.Bank(NADB)','','330',300,'PRIVATE',NULL),(623,205,269,'Mike Iniegbese','','331',500,'PRIVATE',NULL),(624,205,269,'Mr. Tony Khouri','','332',300,'PRIVATE',NULL),(625,205,269,'MTN Comm. 3 Saka T.','','333',500,'PRIVATE',NULL),(626,205,269,'Nig Bank for Comm & Indu','','334',300,'PRIVATE',NULL),(627,205,269,'Niger State Liaison','','335',300,'PRIVATE',NULL),(628,205,269,'Oba Adetona','','336',500,'PRIVATE',NULL),(629,205,269,'OCEAN BAY MALL','','337',300,'PRIVATE',NULL),(630,205,269,'Oduduwa House','','338',500,'PRIVATE',NULL),(631,205,269,'Plot 1709 Lugbosi Close','','339',500,'PRIVATE',NULL),(632,205,269,'ROMACRETE NIGERIA LTD','','340',200,'PRIVATE',NULL),(633,205,269,'Scietic House','','341',300,'PRIVATE',NULL),(634,205,269,'Skye Bank','','342',300,'PRIVATE',NULL),(635,205,269,'Starcomm','','343',300,'PRIVATE',NULL),(637,205,269,'Subaru Motors Nig. Ltd. Bar-Beach','','345',300,'PRIVATE',NULL),(638,205,269,'T.Y Danjuma','','346',300,'PRIVATE',NULL),(639,205,270,'Adeola Odeku','','001',500,'PUBLIC','Adeola Odeku /VI'),(640,205,270,'Air Force Hq.','','301',200,'PRIVATE',NULL),(641,205,270,'Army House I','','302',500,'PRIVATE',NULL),(642,205,270,'Army House II','','303',500,'PRIVATE',NULL),(643,205,270,'Church S/S Bonny Camp','','304',500,'PRIVATE',NULL),(644,205,270,'Command Pry School','','305',500,'PRIVATE',NULL),(645,205,270,'Federal Palace Hotel I','','306',750,'PRIVATE',NULL),(646,205,270,'Federal Palace Hotel III','','307',1000,'PRIVATE',NULL),(647,205,270,'Federal Palace Hotel IV','','308',1000,'PRIVATE',NULL),(648,205,270,'Federal Palace Hotel V','','309',750,'PRIVATE',NULL),(649,205,270,'Federal Palace Hotel VI','','310',750,'PRIVATE',NULL),(650,205,270,'Federal Place Hotel II','','311',300,'PRIVATE',NULL),(651,205,270,'Legico Flat','','312',200,'PRIVATE',NULL),(652,205,270,'Mobil Petrol station','','313',300,'PRIVATE',NULL),(653,205,270,'Nat. Open University I','','314',750,'PRIVATE',NULL),(654,205,270,'Nat. Open University II','','315',750,'PRIVATE',NULL),(655,205,270,'Nat. Open University III','','316',200,'PRIVATE',NULL),(656,205,270,'Nat. Open University IV','','317',300,'PRIVATE',NULL),(657,205,270,'Nig Army Drug Manufacure','','318',300,'PRIVATE',NULL),(658,205,270,'Nig Army Guest House','','319',300,'PRIVATE',NULL),(659,205,270,'Nig Army Medical','','320',300,'PRIVATE',NULL),(660,205,271,'Akin Olugbade Local II','','001',300,'PUBLIC','Akin Olugbade /VI'),(661,205,271,'Akin OLugbade Local  I','','002',300,'PUBLIC','Akin Olugbade /VI'),(662,205,271,'Adeola Odeku Local','','003',500,'PUBLIC','Adeola Odeku/VI'),(663,205,271,'Akin Adesola / Adeola Odeku','','004',500,'PUBLIC','Akin Adesola /VI'),(664,205,271,'Adeola Odeku / Akin Adesola','','005',200,'PUBLIC','Akin Adesola/ VI'),(665,205,271,'Agoro Diyan Local','','006',500,'PUBLIC','Agoro Diyan /VI'),(666,205,271,'Compact S/S','','007',300,'PUBLIC','Saka Tinubu /VI'),(667,205,271,'Devyan International Nig Ltd , Adeola Odeku str V.I','','301',200,'PRIVATE',NULL),(668,205,271,'GLOBACOM  LTD','','302',300,'PRIVATE',NULL),(669,205,271,'Mr Nwezw.G.C','','303',100,'PRIVATE',NULL),(670,205,271,'MTN OFFICE','','304',300,'PRIVATE',NULL),(671,205,271,'A.Odeku /A. Adegholo','','305',500,'PRIVATE',NULL),(672,205,271,'Afro Continental A.Odeku','','306',300,'PRIVATE',NULL),(673,205,271,'Akin Olugbade I','','307',300,'PRIVATE',NULL),(674,205,271,'Akin Olugbade II','','308',300,'PRIVATE',NULL),(675,205,271,'Bank PHB A.Odeku','','309',300,'PRIVATE',NULL),(677,205,271,'Eagle Bank A. Odeku','','311',300,'PRIVATE',NULL),(678,205,271,'Equitorial T. Bank','','312',300,'PRIVATE',NULL),(679,205,271,'Equity Bank 44B A.Odeku','','313',200,'PRIVATE',NULL),(680,205,271,'Food Concept 60','','314',200,'PRIVATE',NULL),(681,205,271,'Garment Care 1055','','315',200,'PRIVATE',NULL),(682,205,271,'Globa Comm. Nig. Ltd. Saka','','316',300,'PRIVATE',NULL),(683,205,271,'Globacom I A. Odeku','','317',750,'PRIVATE',NULL),(684,205,271,'Globacom II A. Odeku','','318',750,'PRIVATE',NULL),(685,205,271,'Globacom, 20 A. Odeku','','319',200,'PRIVATE',NULL),(687,205,271,'Hallmark Bank A.Odeku','','321',100,'PRIVATE',NULL),(688,205,271,'Maroko Injection S/S','','322',300,'PRIVATE',NULL),(689,205,271,'Mr. Biggs A. Adesola','','323',200,'PRIVATE',NULL),(690,205,271,'Oceanic Bank Plc, IT','','324',500,'PRIVATE',NULL),(691,205,271,'Park N Shop I','','325',500,'PRIVATE',NULL),(692,205,271,'Park N Shop II','','326',400,'PRIVATE',NULL),(693,205,271,'Unity Bank A. Odeku','','327',500,'PRIVATE',NULL),(694,205,271,'Value Mart','','328',500,'PRIVATE',NULL),(695,205,271,'Victoria Hotel','','329',500,'PRIVATE',NULL),(696,205,271,'Zenith Bank 234A  \"','','330',200,'PRIVATE',NULL),(697,205,269,'O.Agbaje./Ogalade III','','303',300,'PRIVATE',NULL),(698,205,269,'Street Light 2','','004',500,'PUBLIC','Ologun Agbaje'),(699,205,271,'Diamond Bank 2','','310',200,'PRIVATE',NULL),(701,205,271,'GTB 3','','320',200,'PRIVATE',NULL),(702,206,270,'ILUPEJU/ETI OSA','','001',500,'PUBLIC','ILUPEJU'),(703,206,270,'AWORI/ETI OSA','','002',500,'PUBLIC','AWORI'),(704,206,270,'IKORODU CRESCENT','','003',300,'PUBLIC','DOLPHIN'),(705,206,273,'Ologunkutere','','001',500,'PUBLIC','IKOYI'),(706,206,273,'Niger FMW&H','','002',500,'PUBLIC','IKOYI'),(707,206,273,'Bode Olajumoke','','003',300,'PUBLIC','BODE OLAJUMOKE STR. V/I'),(708,206,273,'Rasheed Gba','','004',500,'PUBLIC','IKOYI'),(709,206,273,'Alade Odunewu','','005',500,'PUBLIC','IKOYI'),(710,206,273,'Olusegun Aina I','','006',500,'PUBLIC','VICTORIA ISLAND'),(711,206,273,'Olusegun Aina II','','007',500,'PUBLIC','VICTORIA ISLAND'),(712,206,273,'ADEMOLA DADA','','008',200,'PUBLIC','JUBRIL MARTINS IKOYI'),(713,206,273,'15a, Aromosele','','301',300,'PRIVATE',NULL),(714,206,273,'17/18 Eromosele','','302',300,'PRIVATE',NULL),(715,206,273,'1st Bank Plc','','303',100,'PRIVATE',NULL),(716,206,273,'27/28 Agodongba Unilever','','304',300,'PRIVATE',NULL),(717,206,273,'3B, Agodongba WAWEI','','305',300,'PRIVATE',NULL),(718,206,273,'40, Agodongba Folawiyo','','306',300,'PRIVATE',NULL),(719,206,273,'42, Eromosele Odutola','','307',300,'PRIVATE',NULL),(720,206,273,'46C Agodongba','','308',500,'PRIVATE',NULL),(721,206,273,'Agodogba P/View ODREC','','309',300,'PRIVATE',NULL),(722,206,273,'AIRTEL BOOSTER SITE LG 002','','310',50,'PRIVATE',NULL),(723,206,273,'Alex Ekweme','','311',200,'PRIVATE',NULL),(724,206,273,'Alhaji Abdulraham','','312',100,'PRIVATE',NULL),(725,206,273,'AriIfeadi Kester','','313',300,'PRIVATE',NULL),(726,206,273,'Bat equipment Nig. Limited','','314',500,'PRIVATE',NULL),(727,206,273,'Bode Olajumoke L','','315',300,'PRIVATE',NULL),(728,206,273,'Chief M. O. Balogun','','316',200,'PRIVATE',NULL),(729,206,273,'Cradle Ventures','','317',100,'PRIVATE',NULL),(730,206,273,'D. Kale','','318',200,'PRIVATE',NULL),(731,206,273,'Debim Mary','','319',100,'PRIVATE',NULL),(732,206,273,'Gbolahan Fasade','','320',200,'PRIVATE',NULL),(733,206,273,'Godwin Banigo','','321',200,'PRIVATE',NULL),(734,206,273,'Gutting Light','','322',500,'PRIVATE',NULL),(735,206,273,'Hamed Invest','','323',500,'PRIVATE',NULL),(736,206,273,'J.K. Randle','','324',200,'PRIVATE',NULL),(737,206,273,'Koshondi P/View','','325',300,'PRIVATE',NULL),(738,206,273,'Lucky Ayiedaton','','326',200,'PRIVATE',NULL),(739,206,273,'MR. FELIX YOMI ALAO','','327',100,'PRIVATE',NULL),(740,206,273,'Mr. Oladipo Onabanjo','','328',100,'PRIVATE',NULL),(741,206,273,'Mr. Olu Okeowo','','329',100,'PRIVATE',NULL),(743,206,273,'Mrs. Olayinka Oni','','331',300,'PRIVATE',NULL),(744,206,273,'MTN SITE T0391','','332',50,'PRIVATE',NULL),(745,206,273,'ObY Uba','','333',200,'PRIVATE',NULL),(746,206,273,'Odesanya','','334',300,'PRIVATE',NULL),(747,206,273,'Ogunbambo Seun , 2 Olamijuyin str, Parkview estate ikoyi','','335',100,'PRIVATE',NULL),(748,206,273,'Oladele Dosunmu','','336',200,'PRIVATE',NULL),(749,206,273,'Omotayo Okunsanya','','337',200,'PRIVATE',NULL),(750,206,273,'Parkview Estate str Lightning','','338',100,'PRIVATE',NULL),(751,206,273,'Prof. Jubril Aminu','','339',500,'PRIVATE',NULL),(752,206,273,'Rapheal Udeogu','','340',200,'PRIVATE',NULL),(753,206,273,'Timothy Felder','','341',200,'PRIVATE',NULL),(755,206,273,'TY Danjumah House','','343',300,'PRIVATE',NULL),(756,206,273,'UACN Property','','344',500,'PRIVATE',NULL),(757,206,273,'Udo Amaka','','345',200,'PRIVATE',NULL),(758,206,273,'ONLYRITE PROPERTIES','','346',200,'PRIVATE',NULL),(759,206,273,'ALHAJI ADAMU A. MUAZU','','347',750,'PRIVATE',NULL),(760,206,273,'TRINOS STUDIOS','','348',200,'PRIVATE',NULL),(761,206,273,'CONTEMPORAY PROPERTIES','','349',300,'PRIVATE',NULL),(762,206,274,'Corporation / ETI - Osa','','001',500,'PUBLIC','ETI -OSA'),(763,206,274,'Corporation / Ikorodu','','002',500,'PUBLIC','IKORODU, IKOYI'),(764,206,274,'Corporation / Ibeju Lekki','','003',500,'PUBLIC','IBEJU, IKOYI'),(765,206,274,'Corporation I','','004',500,'PUBLIC','CORPORATION'),(766,206,274,'Corporation II','','005',500,'PUBLIC','CORPORATION'),(767,206,274,'Association / Ikeja','','006',500,'PUBLIC','IKEJA'),(768,206,274,'Association / Islands','','007',500,'PUBLIC','ISLANDS'),(769,206,274,'Association / Mailand','','008',500,'PUBLIC','IKOYI'),(770,206,274,'HFP Way','','009',500,'PUBLIC','HFP, IKOYI'),(771,206,274,'Mainland / Isaleko','','010',500,'PUBLIC','IKOYI'),(772,206,274,'HFP Duplexes','','011',500,'PUBLIC','ILUPEJU'),(773,206,274,'Isaleko / Ikeja','','012',500,'PUBLIC','ISALE EKO WAY'),(774,206,274,'Isaleko','','013',500,'PUBLIC','ISALE EKO WAY'),(775,206,274,'Isaleko / Mainland','','014',500,'PUBLIC','ISALE EKO WAY'),(776,206,274,'Island Way / Badagry','','015',300,'PUBLIC','ISLANDS'),(777,206,274,'FMW&H I','','016',500,'PUBLIC','IKOYI'),(778,206,274,'FMW&H II','','017',500,'PUBLIC','IKOYI'),(779,206,274,'FMW&H III','','018',500,'PUBLIC','IKOYI'),(780,206,274,'FMW&H IV','','019',500,'PUBLIC','IKOYI'),(781,206,274,'Austine Isire plt 16 palmgrove str osborne estate','','301',100,'PRIVATE',NULL),(782,206,274,'Building Stock','','302',100,'PRIVATE',NULL),(783,206,274,'Cedarine Nig. Ltd.','','303',300,'PRIVATE',NULL),(784,206,274,'D. Omoyemi','','304',100,'PRIVATE',NULL),(785,206,274,'Dolphin Plaza','','305',500,'PRIVATE',NULL),(786,206,274,'G. Cappa','','306',200,'PRIVATE',NULL),(787,206,274,'Hadetan','','307',200,'PRIVATE',NULL),(788,206,274,'Lovely Child','','308',200,'PRIVATE',NULL),(789,206,274,'Mr Agbeyange Babawale','','309',100,'PRIVATE',NULL),(790,206,274,'Musa','','310',300,'PRIVATE',NULL),(791,206,274,'Odiachi Robert','','311',300,'PRIVATE',NULL),(792,206,274,'ORANGE MEWS','','312',300,'PRIVATE',NULL),(793,206,274,'Raymond c.obiere','','313',100,'PRIVATE',NULL),(794,206,274,'Sir Steve Omijafor','','314',100,'PRIVATE',NULL),(795,206,274,'V-Mobil','','315',100,'PRIVATE',NULL),(796,206,274,'HIGH STAKE','','316',100,'PRIVATE',NULL),(797,206,274,'IHS BASE STATION','','317',50,'PRIVATE',NULL),(798,206,274,'BRIDGE HOUSE COLLEGE','','318',300,'PRIVATE',NULL),(799,206,273,'Mr. Olu Okeowo 2','','330',300,'PRIVATE',NULL),(800,206,273,'Timothy Felder 2','','342',300,'PRIVATE',NULL),(801,207,275,'Gerrald/Thompson','','001',500,'PUBLIC','THOMPSON STR'),(802,207,275,'PWD','','002',500,'PUBLIC','THOMPSON STR'),(803,207,275,'Bourdillon Bell','','003',500,'PUBLIC','BOURDILLON RD'),(804,207,275,'Abiodun Kuku','','301',300,'PRIVATE',NULL),(806,207,275,'Guarantee Trust Bank','','303',300,'PRIVATE',NULL),(807,207,275,'Mr. Abiodun M. Kuku','','304',300,'PRIVATE',NULL),(808,207,275,'Zenon Apartment','','305',500,'PRIVATE',NULL),(809,207,275,'ITB Nigeria ltd  1500 kva','','306',1500,'PRIVATE',NULL),(810,207,276,'UDI/Lagoon','','001',500,'PUBLIC','IKOYI'),(811,207,276,'Kwara','','002',500,'PUBLIC','IKOYI'),(812,207,276,'Kwara/Lagoon','','003',500,'PUBLIC','IKOYI'),(813,207,276,'Ogun/Ondo','','004',500,'PUBLIC','IKOYI'),(814,207,276,'12th Street','','005',500,'PUBLIC','IKOYI'),(815,207,276,'IJEH POLICE BRK S/S I','','006',300,'PUBLIC','IJEH'),(816,207,276,'12th Street 2','','301',200,'PRIVATE',NULL),(817,207,276,'Anthony Eyo','','302',100,'PRIVATE',NULL),(818,207,276,'Chika Dozie','','303',100,'PRIVATE',NULL),(819,207,276,'Concentric Network Group','','304',100,'PRIVATE',NULL),(820,207,276,'Engr. Shylon','','305',300,'PRIVATE',NULL),(821,207,276,'Ezebuike Clumex','','306',200,'PRIVATE',NULL),(822,207,276,'Frank Enendu','','307',100,'PRIVATE',NULL),(823,207,276,'Izoma','','308',300,'PRIVATE',NULL),(824,207,276,'Kal Terrace','','309',200,'PRIVATE',NULL),(825,207,276,'Kunle Elebute','','310',100,'PRIVATE',NULL),(826,207,276,'Lagoon S/S','','311',500,'PRIVATE',NULL),(827,207,276,'Mambilla Estate i','','312',500,'PRIVATE',NULL),(828,207,276,'Mambilla Estate ii','','313',500,'PRIVATE',NULL),(829,207,276,'Merion','','314',300,'PRIVATE',NULL),(830,207,276,'Merion Hotel','','315',300,'PRIVATE',NULL),(831,207,276,'Mr Olufemi Talabi Udi street southgate osborne I','','316',200,'PRIVATE',NULL),(832,207,276,'Mr. Segun Agbaje','','317',100,'PRIVATE',NULL),(833,207,276,'Mrs Mary Iyabo','','318',300,'PRIVATE',NULL),(834,207,276,'N. A. L','','319',300,'PRIVATE',NULL),(835,207,276,'Ondo /7th street','','320',500,'PRIVATE',NULL),(836,207,276,'Onwuka','','321',100,'PRIVATE',NULL),(837,207,276,'Profund Properties Limited','','322',100,'PRIVATE',NULL),(838,207,276,'Raymond Obieri','','323',100,'PRIVATE',NULL),(839,207,276,'Rocky Villa','','324',300,'PRIVATE',NULL),(840,207,276,'Sterling Capital Market Limited','','325',100,'PRIVATE',NULL),(841,207,276,'Temidayo Oyesanya','','326',200,'PRIVATE',NULL),(842,207,276,'Ude/Oghan','','327',500,'PRIVATE',NULL),(843,207,276,'Unicorn place','','328',300,'PRIVATE',NULL),(844,207,276,'United Intergr','','329',300,'PRIVATE',NULL),(845,207,276,'Univest Estate','','330',300,'PRIVATE',NULL),(846,207,276,'Villa Real','','331',300,'PRIVATE',NULL),(847,207,276,'Villa Real 2','','332',500,'PRIVATE',NULL),(848,207,276,'Water Garden','','333',300,'PRIVATE',NULL),(849,207,276,'Wema Home','','334',500,'PRIVATE',NULL),(850,207,276,'West Contech','','335',200,'PRIVATE',NULL),(851,207,276,'BDT PROPERTIES','','336',200,'PRIVATE',NULL),(852,207,276,'CHIEF OLANIPEKUN OLUWOLE','','337',200,'PRIVATE',NULL),(853,207,276,'DROYERS INVESTMENTS LTD','','338',200,'PRIVATE',NULL),(854,207,276,'CHIEF KOLA JAMODU','','339',200,'PRIVATE',NULL),(855,207,277,'Abdulahi Adamu 1','','001',500,'PUBLIC','IIKOYI'),(856,207,277,'Ijeh I','','002',500,'PUBLIC','IJEH, IKOYI'),(857,207,277,'Ijeh II','','003',500,'PUBLIC','IJEH, IKOYI'),(858,207,277,'SSS QTRS','','004',500,'PUBLIC','ALAGBON CLOSE'),(859,207,277,'Alimosho','','005',500,'PUBLIC','ALIMOSHO'),(860,207,277,'Oshodi','','006',500,'PUBLIC','OSHODI'),(861,207,277,'Kosofe','','007',500,'PUBLIC','KOSOFE'),(862,207,277,'Eti-Osa / Awori','','008',500,'PUBLIC','ETI-OSA LGA, OBALENDE'),(863,207,277,'Eti-Osa / Itafaji','','009',500,'PUBLIC','ETI-OSA LGA,'),(864,207,277,'HFP III','','010',300,'PUBLIC','HFP/ ETI OSA'),(865,207,277,'Second Avenue/George Relief S/S','','011',500,'PUBLIC','2ND AVENUE, IKOYI'),(866,207,277,'2ND AVENUE','','012',500,'PUBLIC','2ND AVENUE'),(867,207,277,'CAMERON/2ND AVENUE','','013',300,'PUBLIC','2ND AVENUE'),(868,207,277,'9 MACGREGOR','','014',300,'PUBLIC','2ND AVENUE'),(869,207,277,'IJEH POLICE BRK S/S II','','015',500,'PUBLIC','IJEH'),(870,207,277,'ADAMU ESTATE','','016',500,'PUBLIC','IJEH'),(872,207,277,'SOFITEL S/S','','018',500,'PUBLIC','2ND AVENUE'),(873,207,277,'AP MALL','','019',200,'PUBLIC','IKOYI RD'),(874,207,277,'IJEH POLICE BARRACKS, OBALENDE','','020',500,'PUBLIC','ETI-OSA LGA, OBALENDE'),(876,207,277,'1, Lugard Avenue','','301',300,'PRIVATE',NULL),(878,207,277,'2nd Avenue / NITEL','','303',300,'PRIVATE',NULL),(879,207,277,'4, James George','','304',300,'PRIVATE',NULL),(880,207,277,'6, James George','','305',300,'PRIVATE',NULL),(881,207,277,'AFRICAN PETROLEUM NIG. PLC','','306',100,'PRIVATE',NULL),(882,207,277,'Alagbon Tower I','','307',500,'PRIVATE',NULL),(883,207,277,'Alagbon Tower II','','308',500,'PRIVATE',NULL),(884,207,277,'Alagbon Tower III','','309',500,'PRIVATE',NULL),(885,207,277,'ANTHONY CARDINALOLUBUNMI OKOGIE','','310',100,'PRIVATE',NULL),(886,207,277,'Army Officer Guest House','','311',200,'PRIVATE',NULL),(887,207,277,'B.O.B.S Apartment 6b James George street Ikoyi','','312',200,'PRIVATE',NULL),(888,207,277,'Belgium Embassy A/P','','313',300,'PRIVATE',NULL),(889,207,277,'Bexley Health Limited','','314',200,'PRIVATE',NULL),(890,207,277,'BODYLINE FITNESS CENTRE','','315',300,'PRIVATE',NULL),(891,207,277,'Cadwell Estate','','316',500,'PRIVATE',NULL),(892,207,277,'Coordinated Nig. Ltd.','','317',1000,'PRIVATE',NULL),(893,207,277,'Equitorial Guinea Consolate','','318',500,'PRIVATE',NULL),(894,207,277,'Flag House / Glover','','319',200,'PRIVATE',NULL),(895,207,277,'Heirs Holding','','320',200,'PRIVATE',NULL),(896,207,277,'Hybrid Limited','','321',200,'PRIVATE',NULL),(897,207,277,'Institutional investors limited, 2nd avenue  Ikoyi','','322',300,'PRIVATE',NULL),(898,207,277,'Lagos state ministry of justice','','323',300,'PRIVATE',NULL),(899,207,277,'NPF Microfinance Bank','','324',200,'PRIVATE',NULL),(900,207,277,'OBALENDE LOCAL COUNCIL DEVELOPMENT AREA','','325',500,'PRIVATE',NULL),(901,207,277,'Sofitel Hotel','','326',500,'PRIVATE',NULL),(902,207,277,'Stone Hedge','','327',750,'PRIVATE',NULL),(903,207,277,'Unilag Quarters','','328',300,'PRIVATE',NULL),(904,207,277,'UPDC PLC','','329',800,'PRIVATE',NULL),(905,207,277,'WESTLAND PROPERTIES','','330',800,'PRIVATE',NULL),(907,207,278,'Chris Alli / Diya','','001',500,'PUBLIC','CHRIS ALLI/ DIYA, IKOYI'),(908,207,278,'Chris Alli Church I','','002',500,'PUBLIC','CHRIS ALLI/ DIYA, IKOYI'),(909,207,278,'Chris Alli Church II','','003',500,'PUBLIC','CHRIS ALLI/ DIYA, IKOYI'),(910,207,278,'Chris Alli /O Diya','','004',500,'PUBLIC','CHRIS ALLI'),(911,207,278,'Sanni Abacha Crescent','','005',500,'PUBLIC','ABACHA CRESCENT'),(912,207,278,'Hannat Balogun','','006',500,'PUBLIC','KEFF, IKOYI'),(913,207,278,'Olagunsoye Oyinlola','','007',300,'PUBLIC','5, OLAGUNSOYE OYINLOLA, IKOYI'),(914,207,278,'Bashir Danllatu','','008',500,'PUBLIC','KEFF, IKOYI'),(915,207,278,'Lanre Da Silva','','009',500,'PUBLIC','LANRE DASILVA'),(916,207,278,'LANRE DASILVA I S/S','','010',500,'PUBLIC','LANRE DASILVA'),(917,207,278,'\"BASHIRU DALHATU S/S','','011',500,'PUBLIC','BASHIRU DALHATU'),(918,207,278,'Ademola Odutola','','301',300,'PRIVATE',NULL),(919,207,278,'Ellion House','','302',500,'PRIVATE',NULL),(920,207,278,'Mr. Seni Adetu','','303',200,'PRIVATE',NULL),(921,207,278,'Olatunde John','','304',200,'PRIVATE',NULL),(922,207,278,'AIRTEL NIG LTD (LG003)','','305',50,'PRIVATE',NULL),(923,207,278,'Mr Peter Amangbo(Zenith Bank Plc)','','306',200,'PRIVATE',NULL),(924,207,278,'HELIOS TOWERS','','307',50,'PRIVATE',NULL),(925,207,277,'2ND AVENUE 2','','017',500,'PUBLIC','2ND AVENUE'),(926,207,277,'2ND AVENUE 3','','021',500,'PUBLIC','2ND AVENUE'),(929,207,277,'2nd Avenue 4','','302',300,'PRIVATE',NULL),(932,207,277,'ACCESS BANK 4','','331',100,'PRIVATE',NULL),(933,208,279,'188, Awolowo Road','','001',500,'PUBLIC','AWOLOWO ROAD,IKOYI'),(934,208,279,'Adeyemi / Queen Drive','','002',200,'PUBLIC','QUEENS DRIVE, IKOYI'),(935,208,279,'Jinadu I','','003',500,'PUBLIC','IKOYI'),(936,208,279,'224, Awolowo Road','','004',200,'PUBLIC','AWOLOWO RD, IKOYI'),(937,208,279,'Jinadu II','','005',500,'PUBLIC','IKOYI'),(938,208,279,'Raymond Njoku/Madueke','','006',500,'PUBLIC','RAYMOND NJOKU IKOYI'),(939,208,279,'Mr. Bigg\'s Local','','007',500,'PUBLIC','IKOYI'),(940,208,279,'Adeyemi Lawson Relief S/S','','008',500,'PUBLIC','IKOYI'),(941,208,279,'FALOMO POLICE BARRACKS','','009',500,'PUBLIC','POLICE BARRACK IKOYI'),(942,208,279,'109 Awolowo Road','','301',500,'PRIVATE',NULL),(943,208,279,'11 Queen Drive','','302',500,'PRIVATE',NULL),(944,208,279,'14, Raymond Njoku','','303',100,'PRIVATE',NULL),(945,208,279,'19, Ojomo Road','','304',300,'PRIVATE',NULL),(946,208,279,'31, Raymond Njoku','','305',500,'PRIVATE',NULL),(947,208,279,'BODE ADEDEJI PARTERSHIP LTD','','306',300,'PRIVATE',NULL),(948,208,279,'British High Commi','','307',500,'PRIVATE',NULL),(949,208,279,'JNC International Ltd. Raymond Njoku, Ikoyi','','308',300,'PRIVATE',NULL),(950,208,279,'Kakabaru Close','','309',300,'PRIVATE',NULL),(951,208,279,'LABADIBI HOLDINGS LTD','','310',1000,'PRIVATE',NULL),(952,208,279,'LOUIS .N. MABANEFO','','311',200,'PRIVATE',NULL),(953,208,279,'Mr Osi Octogenirum','','312',300,'PRIVATE',NULL),(954,208,279,'Mr. & Mrs. Christopher Okere','','313',100,'PRIVATE',NULL),(955,208,279,'Mrs. Grace Ndidi Enenmoh','','314',300,'PRIVATE',NULL),(956,208,279,'MTN Falomo','','315',2500,'PRIVATE',NULL),(957,208,279,'NITEL Falomo','','316',500,'PRIVATE',NULL),(958,208,279,'NNPC Falomo','','317',500,'PRIVATE',NULL),(959,208,279,'PROCADERO PROPERTIES LTD','','318',200,'PRIVATE',NULL),(960,208,279,'Queens Drive O/H','','319',500,'PRIVATE',NULL),(961,208,279,'Starcomms Site','','320',1000,'PRIVATE',NULL),(962,208,279,'Street Light Awolowo Road','','321',100,'PRIVATE',NULL),(963,208,279,'Tri. H. Bank','','322',300,'PRIVATE',NULL),(964,208,279,'United Nation','','323',300,'PRIVATE',NULL),(965,208,279,'West Fosteer Queens Drive','','324',200,'PRIVATE',NULL),(966,208,279,'West Foster Development, Iru Close','','325',500,'PRIVATE',NULL),(967,208,279,'Zenith Bank Awolowo Rd.','','326',200,'PRIVATE',NULL),(968,208,279,'UBA PLC','','327',100,'PRIVATE',NULL),(969,208,279,'SHELL OIL RESIDENCE','','328',100,'PRIVATE',NULL),(970,208,279,'AKWA-IBOM ST. GOVT HOUSE','','329',300,'PRIVATE',NULL),(971,208,279,'MRS & MRS SUMONU','','330',300,'PRIVATE',NULL),(972,208,279,'OLASHIJIBOMI SUJI OGUNDELE','','331',300,'PRIVATE',NULL),(973,208,280,'1st Avenue / Bank Road','','001',300,'PUBLIC','1 BANK ROAD, IKOYI'),(974,208,280,'3/4, 1st Avenue','','002',300,'PUBLIC','1ST AVENUE, IKOYI'),(975,208,280,'Magregory Local','','003',300,'PUBLIC','MACGREGOR, IKOYI'),(976,208,280,'Okotieboh / Osagie','','004',500,'PUBLIC','OKOTIEBOH STR, IKOYI'),(977,208,280,'State House Gate','','005',500,'PUBLIC','RIBADU STR, IKOYI'),(978,208,280,'SSS State House','','006',500,'PUBLIC','STATE HOUSE'),(979,208,280,'China Village','','007',300,'PUBLIC','IKOYI'),(980,208,280,'Oknola Matins','','008',300,'PUBLIC','IKOYI'),(981,208,280,'Awolowo Road SW I','','009',500,'PUBLIC','AWOLOWO RD'),(982,208,280,'Grillo','','010',500,'PUBLIC','AWOLOWO ROAD,IKOYI'),(983,208,280,'Awolowo Road SW II','','011',500,'PUBLIC','AWOLOWO RD'),(984,208,280,'Maitama sule / Raymond','','012',300,'PUBLIC','MAITAMA SULE, IKOYI'),(985,208,280,'Church of Asumption Local','','013',500,'PUBLIC','Falomo, ikoyi'),(986,208,280,'Keffi / Biadu','','014',500,'PUBLIC','KEFFI RD'),(987,208,280,'Garison','','015',500,'PUBLIC','IKOYI'),(988,208,280,'Doddan Barrack','','016',500,'PUBLIC','IKOYI'),(989,208,280,'Prison/Warders Barrack','','017',500,'PUBLIC','AKANBI DANMOLE STR, IKOYI'),(990,208,280,'Thompson/Fowler Local Relief Substation','','018',500,'PUBLIC','THOMPSON STR'),(991,208,280,'AWOLOWO/FALOMO','','019',750,'PUBLIC','AWOLOWO RD'),(993,208,280,'POLO/RIBADU','','022',500,'PUBLIC','RIBADU STR'),(994,208,280,'LAG EDU DIST','','023',500,'PUBLIC','AWOLOWO RD'),(995,208,280,'RIBADU','','024',500,'PUBLIC','RIBADU STR'),(996,208,280,'AKANBI DANMOLE','','025',500,'PUBLIC','AKANBI DANMOLE'),(998,208,280,'ETI-OSA LOCAL GOVT.','','027',500,'PUBLIC','NORMAN WILLIAMS, IKOYI'),(999,208,280,'Cardial stone parters ,5 okotie eboh str','','301',100,'PRIVATE',NULL),(1000,208,280,'Church of Assumption','','302',500,'PRIVATE',NULL),(1001,208,280,'Church of Asumption','','303',300,'PRIVATE',NULL),(1002,208,280,'Falomo Complex','','304',500,'PRIVATE',NULL),(1004,208,280,'INTERKEL NIGERIA LTD','','306',100,'PRIVATE',NULL),(1005,208,280,'Legal Aid Council','','307',500,'PRIVATE',NULL),(1006,208,280,'MBA Tower','','308',500,'PRIVATE',NULL),(1007,208,280,'Mobil','','309',500,'PRIVATE',NULL),(1008,208,280,'NSP & M Bank Road','','310',200,'PRIVATE',NULL),(1010,208,280,'SKIPPER PRODUCT LTD','','312',100,'PRIVATE',NULL),(1011,208,280,'Wapic Insurance','','313',100,'PRIVATE',NULL),(1012,208,280,'Y. M. C.A','','314',500,'PRIVATE',NULL),(1014,208,280,'1 BEDWELL S/S','','316',200,'PRIVATE',NULL),(1015,208,280,'1 Chris Alli','','317',300,'PRIVATE',NULL),(1016,208,280,'1/5 OMOOSAGIE','','318',500,'PRIVATE',NULL),(1017,208,280,'10 CHRIS ALLI S/S','','319',200,'PRIVATE',NULL),(1018,208,280,'109 AWOLOWO RD','','320',500,'PRIVATE',NULL),(1019,208,280,'10B CLUB RD','','321',500,'PRIVATE',NULL),(1020,208,280,'12 MANUWA STR','','322',300,'PRIVATE',NULL),(1021,208,280,'14 OLADIPO DIYA','','323',100,'PRIVATE',NULL),(1022,208,280,'15 OKOTIE EBOH','','324',100,'PRIVATE',NULL),(1023,208,280,'188 AWOLOWO','','325',500,'PRIVATE',NULL),(1024,208,280,'19 OKOTIEBOH','','326',300,'PRIVATE',NULL),(1025,208,280,'1ST CONSULTANT','','327',500,'PRIVATE',NULL),(1026,208,280,'2 AKINTOLA MART','','328',300,'PRIVATE',NULL),(1027,208,280,'28 TEMPLE RD','','329',200,'PRIVATE',NULL),(1028,208,280,'3 GLOVER RD','','330',300,'PRIVATE',NULL),(1029,208,280,'3A 2ND AVENUE','','331',500,'PRIVATE',NULL),(1030,208,280,'3A GEORGE STR','','332',200,'PRIVATE',NULL),(1031,208,280,'3A OBADEYI CLOSE','','333',300,'PRIVATE',NULL),(1032,208,280,'4 MACGREGOR S/S','','334',500,'PRIVATE',NULL),(1033,208,280,'4 ONITANA RD','','335',300,'PRIVATE',NULL),(1034,208,280,'5 BANK RD','','336',500,'PRIVATE',NULL),(1035,208,280,'5 DIPO OREPITAN','','337',300,'PRIVATE',NULL),(1036,208,280,'5 GLOVER RD','','338',300,'PRIVATE',NULL),(1037,208,280,'5 OKOTIEBOH STR','','339',100,'PRIVATE',NULL),(1038,208,280,'5B TEMPLE RD','','340',500,'PRIVATE',NULL),(1039,208,280,'6 GLOVER RD','','341',500,'PRIVATE',NULL),(1040,208,280,'6 ONITONA RD','','342',300,'PRIVATE',NULL),(1041,208,280,'7 BANKOLE OKI S/S','','343',500,'PRIVATE',NULL),(1042,208,280,'8 BANKOLE OKI S/S','','344',100,'PRIVATE',NULL),(1043,208,280,'9 BANKOLE OKI','','345',200,'PRIVATE',NULL),(1044,208,280,'9 CLUB RD','','346',200,'PRIVATE',NULL),(1045,208,280,'9 GLOVER RD','','347',500,'PRIVATE',NULL),(1047,208,280,'9 OKOTIEBOH STR','','349',500,'PRIVATE',NULL),(1048,208,280,'9A AGBEKE ROTINWA','','350',300,'PRIVATE',NULL),(1049,208,280,'OSAKWE LITTLE FIELD','','351',500,'PRIVATE',NULL),(1050,208,280,'FCMB','','352',100,'PRIVATE',NULL),(1051,208,280,'GREAT NIGERIA INSURANCE PLC','','353',300,'PRIVATE',NULL),(1052,208,281,'1st Avenue / Mulliner','','001',300,'PUBLIC','1ST AVENUE, IKOYI'),(1053,208,281,'Mulliner / Ikoyi Club','','002',300,'PUBLIC','IKOYI RD'),(1054,208,281,'Nepa Guest House','','003',300,'PUBLIC','IKOYI'),(1055,208,281,'1st Avenue / Lugard','','004',300,'PUBLIC','LUGARD , IKOYI'),(1056,208,281,'Brahimo Kenku str Local','','005',300,'PUBLIC','IKOYI'),(1057,208,281,'NNPC S/S','','006',300,'PUBLIC','CLUB ROAD, IKOYI'),(1058,208,281,'ELEDU S/S','','007',300,'PUBLIC','MULLINER RD'),(1059,208,281,'15, Lugard','','301',300,'PRIVATE',NULL),(1060,208,281,'16, Lugard','','302',500,'PRIVATE',NULL),(1061,208,281,'5, Lugard Avenue','','303',500,'PRIVATE',NULL),(1062,208,281,'6, Lugard','','304',300,'PRIVATE',NULL),(1063,208,281,'7, Club Road','','305',300,'PRIVATE',NULL),(1064,208,281,'ABDULRASAK ISSA','','306',750,'PRIVATE',NULL),(1065,208,281,'Darko Nigeria Ltd.','','307',200,'PRIVATE',NULL),(1066,208,281,'Ikoyi Club Mulliner','','308',500,'PRIVATE',NULL),(1067,208,281,'Mulliner Road No. 8','','309',300,'PRIVATE',NULL),(1068,208,281,'Mulliner Tower','','310',800,'PRIVATE',NULL),(1069,208,281,'Nigerian Communication Commission','','311',200,'PRIVATE',NULL),(1070,208,281,'LUBEL NIG. LTD','','312',100,'PRIVATE',NULL),(1071,208,281,'MAR & MOR','','313',300,'PRIVATE',NULL),(1072,208,283,'Gerrald/Barrow','','001',500,'PUBLIC','GERARAD ROAD'),(1073,208,283,'Lugard/Barrow Relief Substation','','002',500,'PUBLIC','LUGARD AVENUE'),(1074,208,283,'Acrobats constr. And real estate 1','','301',500,'PRIVATE',NULL),(1075,208,283,'Acrobats constr. And real estate 2','','302',500,'PRIVATE',NULL),(1076,208,283,'MRS M.A. TAIWO','','303',100,'PRIVATE',NULL),(1077,208,283,'NONSO OGBU NAMIRI','','304',100,'PRIVATE',NULL),(1078,208,283,'Vacc Technical','','305',100,'PRIVATE',NULL),(1079,208,283,'DEPARTMENT OF STATE SECURITY SERVICES','','306',200,'PRIVATE',NULL),(1080,208,280,'AWOLOWO/FALOMO 2','','019',750,'PUBLIC','AWOLOWO RD'),(1081,208,280,'OMO OSAGIE 2','','021',NULL,'PUBLIC','OMO OSAGIE'),(1082,208,280,'RIBADU 2','','026',500,'PUBLIC','RIBADU STR'),(1083,208,280,'First Bank plc 2','','305',315,'PRIVATE',NULL),(1084,208,280,'Oceanic Bank 2','','311',300,'PRIVATE',NULL),(1086,208,280,'Zenith Bank 3','','315',300,'PRIVATE',NULL),(1087,208,280,'9 MACGREGOR 2','','348',500,'PRIVATE',NULL),(1088,209,286,'Alagbon Close','','001',500,'PUBLIC',NULL),(1089,209,286,'Alagbon CID','','002',300,'PUBLIC',NULL),(1090,209,286,'Durosinmi Etim','','003',300,'PUBLIC',NULL),(1091,209,286,'ALH.BASHORUN S/S','','004',500,'PUBLIC',NULL),(1092,209,286,'DODAN BRK GATE I','','005',500,'PUBLIC',NULL),(1093,209,286,'DODAN BRK GATE II','','006',500,'PUBLIC',NULL),(1094,209,286,'DODAN BRK/MOSHALASHI','','007',500,'PUBLIC',NULL),(1095,209,286,'MOPOL II','','008',200,'PUBLIC',NULL),(1096,209,286,'MOPOL II GATE S/S','','009',500,'PUBLIC',NULL),(1097,209,286,'LALUPON','','010',500,'PUBLIC',NULL),(1098,209,286,'KEFFI/BIADUO S/S','','011',500,'PUBLIC',NULL),(1099,209,286,'LAGOS PASSPORT OFFICE','','301',300,'PRIVATE',NULL),(1100,209,286,'MRS FLORENCE ANYAMENE','','302',100,'PRIVATE',NULL),(1101,209,286,'Fowler Local/Kingsway Rd.','','001',300,'PUBLIC','KINGSWAY ROAD'),(1102,209,286,'Aromire/Thomper Avenue','','002',300,'PUBLIC','AROMIRE STR'),(1103,209,286,'Shaw Road /Lawrence','','003',500,'PUBLIC','SHAW RD, IKOYI'),(1104,209,286,'10, Reeve Road','','301',500,'PRIVATE',NULL),(1105,209,286,'10B Thompson Avenue','','302',500,'PRIVATE',NULL),(1106,209,286,'18 Tompson Avenue','','303',300,'PRIVATE',NULL),(1107,209,286,'Balogun (Otunba) Michael Olasubomi','','304',300,'PRIVATE',NULL),(1108,209,286,'British Council','','305',300,'PRIVATE',NULL),(1109,209,286,'Engr. Obafemi Anibaba','','306',200,'PRIVATE',NULL),(1110,209,286,'Glover Court','','307',500,'PRIVATE',NULL),(1111,209,286,'Glover Roundabout','','308',500,'PRIVATE',NULL),(1112,209,286,'Kosoni Local','','309',300,'PRIVATE',NULL),(1113,209,286,'Lagos state preparatory school','','310',500,'PRIVATE',NULL),(1114,209,286,'Major General Albhansone','','311',300,'PRIVATE',NULL),(1115,209,286,'MEGABOUND INVESTMENTS','','312',300,'PRIVATE',NULL),(1116,209,286,'Niger Tower I','','313',800,'PRIVATE',NULL),(1117,209,286,'Niger Tower II','','314',800,'PRIVATE',NULL),(1118,209,286,'Niger Tower III','','315',800,'PRIVATE',NULL),(1119,209,286,'Reeve Road Tower A','','316',500,'PRIVATE',NULL),(1120,209,286,'Reeve Road Tower B','','317',500,'PRIVATE',NULL),(1121,209,286,'Reeve Road Tower C','','318',500,'PRIVATE',NULL),(1122,209,286,'Shaw Road Indoor','','319',500,'PRIVATE',NULL),(1123,209,286,'Spog Petrochemical','','320',100,'PRIVATE',NULL),(1124,209,286,'Symmeryic engineering Ltd 50c glover road ikoyi','','321',100,'PRIVATE',NULL),(1125,209,286,'Ultimate Apartment','','322',1500,'PRIVATE',NULL),(1126,209,286,'Victoria Court','','323',300,'PRIVATE',NULL),(1128,209,286,'CHIEMEZIE EZEBUIKE','','325',200,'PRIVATE',NULL),(1129,209,286,'NAHMAN CONSTRUCTION LTD','','326',200,'PRIVATE',NULL),(1130,209,286,'HERITAGE LIMITED','','327',100,'PRIVATE',NULL),(1131,209,286,'RUXTON LANDLORD & TENANT ASSOCIATION','','328',300,'PRIVATE',NULL),(1132,209,287,'Adeyemi Lawson/Oroke','','001',300,'PUBLIC','IKOYI'),(1133,209,287,'Ilu Drive Local','','002',500,'PUBLIC','IKOYI'),(1134,209,287,'Ilu/Ilabere Local','','003',500,'PUBLIC','IIKOYI'),(1135,209,287,'Fed. High Court Local','','004',500,'PUBLIC','IKOYI'),(1136,209,287,'Rumens Road','','005',300,'PUBLIC','RUMENS RD, IKOYI'),(1137,209,287,'Kingsway Road/Registry','','006',300,'PUBLIC','KINGSWAY ROAD,IKOYI'),(1138,209,287,'Chairman Local','','007',500,'PUBLIC','IKOYI'),(1139,209,287,'Eleko Local','','008',500,'PUBLIC','IKOYI'),(1140,209,287,'Ilado Local','','009',300,'PUBLIC','IKOYI'),(1141,209,287,'Magbon S/Station','','010',500,'PUBLIC','MAGBON, IKOYI'),(1142,209,287,'Falomo Close','','011',500,'PUBLIC','FALOMO, IKOYI'),(1143,209,287,'Ilabere','','012',500,'PUBLIC','IKOYI'),(1144,209,287,'CB4 39, Bourdillon','','013',500,'PUBLIC','BOURDILON RD, IKOYI'),(1145,209,287,'Ilabere Local','','014',500,'PUBLIC','IKOYI'),(1146,209,287,'Rumens Relief Substation','','015',500,'PUBLIC','RUMENS RD, IKOYI'),(1147,209,287,'003 FALOMO PROPERTIES LTD','','301',300,'PRIVATE',NULL),(1149,209,287,'Army Signal','','303',300,'PRIVATE',NULL),(1150,209,287,'Asset Management Company of Nigeria (AMCON)','','304',500,'PRIVATE',NULL),(1151,209,287,'BOI INVESTMENT AND TRUST COMPANY LTD','','305',100,'PRIVATE',NULL),(1152,209,287,'Chidozie R Mbonu','','306',100,'PRIVATE',NULL),(1153,209,287,'Chris C. Wigwe','','307',200,'PRIVATE',NULL),(1154,209,287,'Eleko Close','','308',500,'PRIVATE',NULL),(1155,209,287,'Erricson Limited, Kingsway Rd','','309',100,'PRIVATE',NULL),(1156,209,287,'French Embassy (Ilado)','','310',500,'PRIVATE',NULL),(1157,209,287,'French embassy I','','311',300,'PRIVATE',NULL),(1158,209,287,'French embassy II','','312',300,'PRIVATE',NULL),(1159,209,287,'FULHAM PROPERTIES','','313',200,'PRIVATE',NULL),(1160,209,287,'Goddy Emefeile','','314',200,'PRIVATE',NULL),(1161,209,287,'GOLD CROSS HOPSITAL','','315',500,'PRIVATE',NULL),(1162,209,287,'John Ilado','','316',200,'PRIVATE',NULL),(1163,209,287,'Leave Investment & Real tons Ltd','','317',500,'PRIVATE',NULL),(1164,209,287,'Majekodunmi','','318',300,'PRIVATE',NULL),(1165,209,287,'NAL Merchant Bank','','319',300,'PRIVATE',NULL),(1166,209,287,'NEPA MD Residence','','320',100,'PRIVATE',NULL),(1167,209,287,'New Sanctuary Ikoyi','','321',500,'PRIVATE',NULL),(1168,209,287,'NNPC Adeyemi','','322',300,'PRIVATE',NULL),(1169,209,287,'Parmass Company Ltd','','323',300,'PRIVATE',NULL),(1170,209,287,'SSS, Kingsway Road','','324',300,'PRIVATE',NULL),(1171,209,287,'UAC 1, Bourdilon Road','','325',500,'PRIVATE',NULL),(1172,209,287,'AIRTEL  BTS','','326',50,'PRIVATE',NULL),(1173,209,287,'RIVERSIDE PROPERTIES','','327',500,'PRIVATE',NULL),(1174,209,287,'GERAMAN EMBASSY QUARTERS','','328',300,'PRIVATE',NULL),(1175,209,287,'FBN MORTGAGES LTD','','329',200,'PRIVATE',NULL),(1176,209,287,'A.G LEVENTIS QUARTERS','','330',300,'PRIVATE',NULL),(1178,209,287,'American Embassy 2','','302',500,'PRIVATE',NULL),(1179,209,286,'Zenith Bank 4','','324',200,'PRIVATE',NULL),(1180,210,289,'Eti-Osa Local Government','','001',500,'PUBLIC','IKOYI'),(1181,210,289,'16, Gerrald','','002',500,'PUBLIC','GERARAD ROAD'),(1182,210,289,'Ige Shonubi Local','','003',500,'PUBLIC','IKOYI'),(1183,210,289,'Oyo Street','','004',500,'PUBLIC','IKOYI'),(1184,210,289,'11 Gerrald Road','','301',100,'PRIVATE',NULL),(1185,210,289,'12, Gerrals Road','','302',300,'PRIVATE',NULL),(1186,210,289,'Aderinokun Olutayo 45,Alfred Rewane Rd Ikoyi Lagos','','303',500,'PRIVATE',NULL),(1187,210,289,'Alh. Saro','','304',500,'PRIVATE',NULL),(1188,210,289,'Alhaji Isiaku Rabiu','','305',100,'PRIVATE',NULL),(1189,210,289,'ARIES WORLD PROPERTIES','','306',100,'PRIVATE',NULL),(1190,210,289,'Bello Osagie','','307',300,'PRIVATE',NULL),(1192,210,289,'CACIF Properties','','309',200,'PRIVATE',NULL),(1193,210,289,'Cameron/Chalerams II','','310',200,'PRIVATE',NULL),(1194,210,289,'Chalerams','','311',315,'PRIVATE',NULL),(1195,210,289,'FMW&H D/V OWENA','','312',300,'PRIVATE',NULL),(1196,210,289,'Frederick Holding Ltd','','313',200,'PRIVATE',NULL),(1197,210,289,'Golden Gate','','314',500,'PRIVATE',NULL),(1198,210,289,'Green Wood','','315',300,'PRIVATE',NULL),(1199,210,289,'Kingsway/Cameron','','316',300,'PRIVATE',NULL),(1200,210,289,'Kunle Osibodu','','317',200,'PRIVATE',NULL),(1201,210,289,'Lagos State Government','','318',300,'PRIVATE',NULL),(1202,210,289,'Mr Asemota plot 23,blk 7 Onikoyi rd parkview estate  ikoyi','','319',200,'PRIVATE',NULL),(1203,210,289,'Mr Ikemefuna Mbagwe','','320',100,'PRIVATE',NULL),(1204,210,289,'Mr. Ademola Odutola','','321',300,'PRIVATE',NULL),(1205,210,289,'Mrs Investment Ltd','','322',300,'PRIVATE',NULL),(1206,210,289,'Okocha I','','323',300,'PRIVATE',NULL),(1207,210,289,'Olu Okeowo','','324',300,'PRIVATE',NULL),(1208,210,289,'Onikoyi Royal Family','','325',500,'PRIVATE',NULL),(1209,210,289,'Rosede Local','','326',300,'PRIVATE',NULL),(1210,210,289,'Shell Oil','','327',500,'PRIVATE',NULL),(1211,210,289,'Street Light Kingsway/Cameron','','328',500,'PRIVATE',NULL),(1212,210,289,'Yetunde Apartment','','329',500,'PRIVATE',NULL),(1213,210,290,'Turnble Local','','001',500,'PUBLIC','IKOYI'),(1214,210,290,'Jamb Local','','002',500,'PUBLIC','IKOYI'),(1215,210,290,'Alexandra Hawksworth','','003',500,'PUBLIC','IKOYI'),(1216,210,290,'Bourdillon/Alexandra/Q/Drive','','004',500,'PUBLIC','BOURDILLON RD, IKOYI'),(1217,210,290,'1st Bank Probyn Bell','','301',200,'PRIVATE',NULL),(1218,210,290,'27, Gerald','','302',500,'PRIVATE',NULL),(1219,210,290,'28 Turnble','','303',300,'PRIVATE',NULL),(1220,210,290,'5, Alexander Avenue','','304',500,'PRIVATE',NULL),(1221,210,290,'Anderson','','305',500,'PRIVATE',NULL),(1222,210,290,'Banana Island','','306',500,'PRIVATE',NULL),(1223,210,290,'BARRISTER MORAYO LEBI','','307',100,'PRIVATE',NULL),(1224,210,290,'BRAND SMITH LTD','','308',100,'PRIVATE',NULL),(1225,210,290,'C&C Temple','','309',300,'PRIVATE',NULL),(1226,210,290,'C&C Turnble','','310',300,'PRIVATE',NULL),(1227,210,290,'Cedars, 6,Mosley Road Ikoyi','','311',200,'PRIVATE',NULL),(1228,210,290,'chief Bayo Fatusin','','312',100,'PRIVATE',NULL),(1229,210,290,'CHIEF OLUWASANMI RESIDENCE','','313',200,'PRIVATE',NULL),(1230,210,290,'Dr. Babatunde Oke wale','','314',200,'PRIVATE',NULL),(1231,210,290,'Flat 10, Reeve Road','','315',200,'PRIVATE',NULL),(1232,210,290,'Gerald/Mosley','','316',500,'PRIVATE',NULL),(1233,210,290,'Gerald/Shaw','','317',300,'PRIVATE',NULL),(1234,210,290,'I.G. House','','318',100,'PRIVATE',NULL),(1235,210,290,'ICL Gerrald','','319',500,'PRIVATE',NULL),(1236,210,290,'Jabiga House','','320',200,'PRIVATE',NULL),(1237,210,290,'JFS LIMITED','','321',300,'PRIVATE',NULL),(1238,210,290,'Lagos State Street Lighting','','322',100,'PRIVATE',NULL),(1239,210,290,'Leventis','','323',500,'PRIVATE',NULL),(1240,210,290,'Mr. Hammed Kasumu','','324',300,'PRIVATE',NULL),(1241,210,290,'Mrs oluwatoyin Sarumi','','325',500,'PRIVATE',NULL),(1242,210,290,'NBL Gerrald','','326',500,'PRIVATE',NULL),(1243,210,290,'NEPA Reeve','','327',300,'PRIVATE',NULL),(1244,210,290,'NITEL/Gerald','','328',500,'PRIVATE',NULL),(1246,210,290,'Reeve Road Tower','','330',300,'PRIVATE',NULL),(1247,210,290,'Reeve Road Tower I','','331',300,'PRIVATE',NULL),(1248,210,290,'Reeve Road, Tower II','','332',500,'PRIVATE',NULL),(1249,210,290,'Remi williams (mrs), Onikoyi Lane Parkview Estate, Ikoyi','','333',100,'PRIVATE',NULL),(1250,210,290,'Saro House','','334',500,'PRIVATE',NULL),(1251,210,290,'St. Saviour Local','','335',500,'PRIVATE',NULL),(1252,210,290,'UAC Guest House','','336',300,'PRIVATE',NULL),(1253,210,290,'virtual properties inv.,1 coren rd ikoyi','','337',500,'PRIVATE',NULL),(1255,210,290,'CHURCH OF NATIVITY','','339',300,'PRIVATE',NULL),(1256,210,290,'FBN MORTGAGES','','340',1000,'PRIVATE',NULL),(1257,210,290,'DR. BOLA AWOKOYA','','341',200,'PRIVATE',NULL),(1258,210,290,'MRS AMAKA AWODEIN','','342',100,'PRIVATE',NULL),(1259,210,290,'ORDER-BAY NIGERIA','','343',300,'PRIVATE',NULL),(1260,210,290,'CHUKA ONWUCHEKWA','','344',200,'PRIVATE',NULL),(1261,210,290,'SDA PROPERTIES & ALLIED LTD','','345',300,'PRIVATE',NULL),(1262,210,291,'Cooper Bell','','001',500,'PUBLIC','BOURDILLON RD'),(1263,210,291,'2, Cooper Road','','002',500,'PUBLIC','COOPER ROAD'),(1264,210,291,'Probyn - Bell','','003',300,'PUBLIC','IKOYI'),(1265,210,291,'Cooper Milverton','','004',500,'PUBLIC','IKOYI'),(1266,210,291,'Macldonald Local','','005',500,'PUBLIC','IKOYI'),(1267,210,291,'MW&H Maldonald','','006',300,'PUBLIC','IKOYI'),(1268,210,291,'Adefuyi Local','','007',500,'PUBLIC','IKOYI'),(1269,210,291,'Adefuyi P/ Local','','008',300,'PUBLIC','IKOYI'),(1270,210,291,'Foreshery/Probyn','','009',500,'PUBLIC','IKOYI'),(1271,210,291,'Milverton/cooper','','010',300,'PUBLIC','IKOYI'),(1272,210,291,'Bourdilon Cooper','','011',500,'PUBLIC','BOURDILLON RD'),(1273,210,291,'Cooper Road Load','','012',500,'PUBLIC','IKOYI'),(1274,210,291,'1st Avenue / Glover','','013',500,'PUBLIC','GLOVER ROAD'),(1275,210,291,'GODWIN EBOSA','','301',100,'PRIVATE',NULL),(1276,210,291,'19, Milverton Road','','302',500,'PRIVATE',NULL),(1277,210,291,'51, Saviour Local','','303',500,'PRIVATE',NULL),(1278,210,291,'Alh. Alh Cooper','','304',500,'PRIVATE',NULL),(1280,210,291,'Bunu Sher AI','','306',500,'PRIVATE',NULL),(1281,210,291,'Dangote','','307',300,'PRIVATE',NULL),(1282,210,291,'EHIMARE IDIAHI','','308',100,'PRIVATE',NULL),(1283,210,291,'Energy Property','','309',500,'PRIVATE',NULL),(1284,210,291,'Fisk Associates','','310',500,'PRIVATE',NULL),(1285,210,291,'G. Cappa I','','311',300,'PRIVATE',NULL),(1286,210,291,'G. Cappa II','','312',300,'PRIVATE',NULL),(1287,210,291,'GMD of Union Banks House  16A Milverton Road','','313',200,'PRIVATE',NULL),(1289,210,291,'Hamisid Road','','315',300,'PRIVATE',NULL),(1290,210,291,'Lagos State Water Corp','','316',500,'PRIVATE',NULL),(1291,210,291,'Lever Bro. Ltd','','317',300,'PRIVATE',NULL),(1292,210,291,'Mabadeje','','318',500,'PRIVATE',NULL),(1293,210,291,'Methodist','','319',300,'PRIVATE',NULL),(1295,210,291,'NEPA ED Residence','','321',500,'PRIVATE',NULL),(1296,210,291,'NIDB 22, Macldonald','','322',300,'PRIVATE',NULL),(1297,210,291,'Osun Liason Office','','323',300,'PRIVATE',NULL),(1298,210,291,'Owena House','','324',500,'PRIVATE',NULL),(1299,210,291,'TADOP Property','','325',1000,'PRIVATE',NULL),(1300,210,291,'UAC Nig. Ltd','','326',500,'PRIVATE',NULL),(1302,210,291,'UBN Property','','328',300,'PRIVATE',NULL),(1303,210,291,'Union Bank Plc','','329',500,'PRIVATE',NULL),(1304,210,291,'Union Homes Loans & Savings','','330',500,'PRIVATE',NULL),(1305,210,291,'Ventures','','331',500,'PRIVATE',NULL),(1306,210,291,'YINKA SAMUEL','','332',300,'PRIVATE',NULL),(1307,210,291,'Zenith Bank MD','','333',300,'PRIVATE',NULL),(1308,210,289,'Bello Osagie 2','','308',500,'PRIVATE',NULL),(1309,210,290,'Queens Drive O/H 2','','329',500,'PRIVATE',NULL),(1310,210,290,'virtual properties inv.,2 coren rd ikoyi','','338',500,'PRIVATE',NULL),(1311,210,291,'American Embassy 3','','305',200,'PRIVATE',NULL),(1312,210,291,'Guarantee Trust Bank 2','','314',200,'PRIVATE',NULL),(1313,210,291,'Mrs Investment Ltd 2','','320',300,'PRIVATE',NULL),(1314,210,291,'UAC Nig. Ltd 2','','326',500,'PRIVATE',NULL),(1315,211,292,'EKO AKETE S/S','','001',300,'PUBLIC','EKO AKETE/GREG'),(1316,211,292,'OBALENDE POLICE BARRACKS RELIEF','','002',500,'PUBLIC','OBALENDE  POLICE BARRACKS ETI-OSA'),(1317,211,292,'St. Gregory/Awolowo','','003',300,'PUBLIC','ST. GREGORY STR'),(1318,211,292,'Toyan','','004',500,'PUBLIC','HOLY CHILD, IKOYI'),(1319,211,292,'Keffi / Lalupon','','005',500,'PUBLIC','OBALENDE/ KEFFI'),(1320,211,292,'Okirika / Manuwa','','006',300,'PUBLIC','MANUWA STR, IKOYI'),(1321,211,292,'Keffi Junction','','007',500,'PUBLIC','KEFFI RD'),(1322,211,292,'Normal Willians','','008',500,'PUBLIC','NORMAN WILLIAMS,IKOYI'),(1323,211,292,'Nathanel IyEela','','009',500,'PUBLIC','NORMAN WILLIAMS,IKOYI'),(1324,211,292,'Men Police','','010',500,'PUBLIC','IKOYI'),(1325,211,292,'Women Police','','011',500,'PUBLIC','IKOYI'),(1326,211,292,'DustBin','','012',500,'PUBLIC','ODO STR, KEFFI, IKOYI'),(1327,211,292,'Odo Ogun/Lalupon Relief S/S','','013',500,'PUBLIC','ODO-OGUN STR'),(1328,211,292,'Eleshin/Keffi Relief S/S','','014',500,'PUBLIC','ODO STR, KEFFI, IKOYI'),(1329,211,292,'St. Gregory/Moshaiji','','015',500,'PUBLIC','ST GREGORY RD, OBALENDE'),(1330,211,292,'Gtbank plc ,','','301',200,'PRIVATE',NULL),(1331,211,292,'Lobon $ Global Ltd','','302',100,'PRIVATE',NULL),(1332,211,292,'MTN cell site','','303',50,'PRIVATE',NULL),(1333,211,292,'Otunba moses fajuyi','','304',500,'PRIVATE',NULL),(1334,211,292,'14 Keffi Road','','305',200,'PRIVATE',NULL),(1335,211,292,'3/4 Odo - Ogun','','306',300,'PRIVATE',NULL),(1336,211,292,'Akintola, Protea Hotel','','307',300,'PRIVATE',NULL),(1337,211,292,'Aries Estate','','308',300,'PRIVATE',NULL),(1338,211,292,'Clariben Ventures Ltd.','','309',300,'PRIVATE',NULL),(1339,211,292,'Custodian','','310',200,'PRIVATE',NULL),(1341,211,292,'Folawuyo Manual','','312',500,'PRIVATE',NULL),(1342,211,292,'Greek Hospital','','313',300,'PRIVATE',NULL),(1343,211,292,'HFP Engineering (Stalion)','','314',200,'PRIVATE',NULL),(1344,211,292,'Information','','315',750,'PRIVATE',NULL),(1345,211,292,'Megalectries','','316',100,'PRIVATE',NULL),(1346,211,292,'Ministry of Work','','317',300,'PRIVATE',NULL),(1347,211,292,'No. 24, Keffi Road','','318',100,'PRIVATE',NULL),(1348,211,292,'No. 26, Keffi Road','','319',100,'PRIVATE',NULL),(1349,211,292,'Otunba Fatuyi Obalende','','320',200,'PRIVATE',NULL),(1350,211,292,'Our Saviour Church Keffi','','321',300,'PRIVATE',NULL),(1351,211,292,'S.H - C.J Keffi Road','','322',300,'PRIVATE',NULL),(1352,211,292,'S.J. Abed General','','323',300,'PRIVATE',NULL),(1353,211,292,'School of Nursing','','324',300,'PRIVATE',NULL),(1354,211,292,'St. Francis Medical','','325',100,'PRIVATE',NULL),(1355,211,292,'Teslim Animashaun','','326',200,'PRIVATE',NULL),(1356,211,292,'Trust House Bank','','327',200,'PRIVATE',NULL),(1357,211,292,'Union Bank Obalende','','328',300,'PRIVATE',NULL),(1358,211,292,'Zenith Bank Keffi Road','','329',200,'PRIVATE',NULL),(1359,211,293,'Alhaji Bashorun','','001',500,'PUBLIC','ALHAJI BASHORUN, IKOYI'),(1360,211,293,'Ademola / Awolowo Road','','002',500,'PUBLIC','43, ADEMOLA BY AWOLOWO RD'),(1361,211,293,'Ademola Olofin','','003',500,'PUBLIC','ADEMOLA A.'),(1362,211,293,'Ademola II','','004',500,'PUBLIC','ADEMOLA A.'),(1363,211,293,'Alhaji Kanike','','005',500,'PUBLIC','KASIMU EKEMODE'),(1364,211,293,'Bachuss S/S','','006',500,'PUBLIC','AWOLOWO RD, IKOYI'),(1365,211,293,'ADEMOLA S/S','','007',500,'PUBLIC','ADE/KONI'),(1366,211,293,'Alexander Bridge street','','301',250,'PRIVATE',NULL),(1367,211,293,'Doctors Flat','','302',300,'PRIVATE',NULL),(1368,211,293,'IGA-Adugunran','','303',500,'PRIVATE',NULL),(1369,211,293,'Mr $ mrs Tony Cole','','304',100,'PRIVATE',NULL),(1370,211,293,'QUINN MCGRATH ltd','','305',200,'PRIVATE',NULL),(1371,211,293,'Taofik Lawal','','306',500,'PRIVATE',NULL),(1373,211,293,'37, Awolowo Road','','308',200,'PRIVATE',NULL),(1374,211,293,'4, Ademola','','309',200,'PRIVATE',NULL),(1375,211,293,'Access Bank Plc,','','310',200,'PRIVATE',NULL),(1376,211,293,'Aero Belling Ltd','','311',200,'PRIVATE',NULL),(1377,211,293,'Akambi Dammola','','312',500,'PRIVATE',NULL),(1378,211,293,'Boat Yard','','313',300,'PRIVATE',NULL),(1379,211,293,'Diamond Bank 80, Awolowo Road','','314',200,'PRIVATE',NULL),(1380,211,293,'Diamond Bank Mortgage','','315',100,'PRIVATE',NULL),(1381,211,293,'EFCC','','316',500,'PRIVATE',NULL),(1382,211,293,'FBN Mortgage LPL','','317',100,'PRIVATE',NULL),(1385,211,293,'FSB Awolowo Road','','320',500,'PRIVATE',NULL),(1386,211,293,'FSR 68, Awolowo Road','','321',100,'PRIVATE',NULL),(1387,211,293,'Future View 37, Awolowo Road','','322',100,'PRIVATE',NULL),(1389,211,293,'Information II','','324',750,'PRIVATE',NULL),(1390,211,293,'Intercontinental 50, Awolowo Road','','325',100,'PRIVATE',NULL),(1391,211,293,'Mrs. Kehinde Kamson','','326',200,'PRIVATE',NULL),(1394,211,293,'NEPA Annex I','','329',500,'PRIVATE',NULL),(1395,211,293,'NEPA Annex II','','330',500,'PRIVATE',NULL),(1396,211,293,'No. 8A Ademola','','331',100,'PRIVATE',NULL),(1397,211,293,'Nordical Fertility','','332',200,'PRIVATE',NULL),(1398,211,293,'NTA 15, Awolowo Road','','333',300,'PRIVATE',NULL),(1399,211,293,'Oando','','334',100,'PRIVATE',NULL),(1400,211,293,'Platinum Bank','','335',200,'PRIVATE',NULL),(1403,211,293,'SSS 15, Awolowo Road','','338',750,'PRIVATE',NULL),(1404,211,293,'Union Homes','','339',200,'PRIVATE',NULL),(1405,211,293,'Zenith Awolowo Road','','340',200,'PRIVATE',NULL),(1407,211,294,'GROUP HOUSE','','001',500,'PUBLIC','OBAL/GRP HS'),(1409,211,292,'First Bank Plc 3','','311',200,'PRIVATE',NULL),(1410,211,293,'1st Bank Plc 2','','307',200,'PRIVATE',NULL),(1411,211,293,'FCMB 2','','318',100,'PRIVATE',NULL),(1413,211,293,'First Bank 3','','319',100,'PRIVATE',NULL),(1416,211,293,'GTB 4','','323',300,'PRIVATE',NULL),(1417,211,293,'Munchies 2','','327',100,'PRIVATE',NULL),(1418,211,293,'Munchies 3','','328',100,'PRIVATE',NULL),(1419,211,293,'Skye Bank PLC 2','','336',100,'PRIVATE',NULL),(1420,211,293,'Skye Bank PLC 3','','337',500,'PRIVATE',NULL),(1421,211,293,'HERITAGE BANK PLC 2','','341',200,'PRIVATE',NULL),(1422,212,295,'The Palm Shopping Mail II','','301',2000,'PRIVATE',NULL),(1423,212,296,'Oniru Estate (Local)','','001',500,'PUBLIC','BISHOP OLOUWOLE'),(1424,212,296,'Simeon Akinlonu (Local)','','002',500,'PUBLIC','IKOYI'),(1425,212,296,'Palace Oniru Relief Substation','','003',500,'PUBLIC','ONIRU V/I'),(1426,212,296,'A.O.O CONSULT','','301',200,'PRIVATE',NULL),(1427,212,296,'Alhaji Tijani, Oniru','','302',100,'PRIVATE',NULL),(1428,212,296,'Amazing Grace Plaza','','303',1000,'PRIVATE',NULL),(1429,212,296,'Aqua Villa Plza Oniru','','304',100,'PRIVATE',NULL),(1430,212,296,'Aremo House, Oniru','','305',100,'PRIVATE',NULL),(1431,212,296,'Ashays Court Oniru Estate','','306',100,'PRIVATE',NULL),(1432,212,296,'Austen wolgensynger blk xii, plot 23 palace rd','','307',300,'PRIVATE',NULL),(1433,212,296,'Avamt Cooperative Ltd Landbridge Road','','308',200,'PRIVATE',NULL),(1434,212,296,'AVANTE PROPERTY ASSET MGT','','309',200,'PRIVATE',NULL),(1435,212,296,'Avante Property Development Service','','310',750,'PRIVATE',NULL),(1436,212,296,'Bagudu (Local)','','311',300,'PRIVATE',NULL),(1437,212,296,'Brickwalls Park Oniru Est','','312',200,'PRIVATE',NULL),(1438,212,296,'British Int. School','','313',500,'PRIVATE',NULL),(1439,212,296,'Cadogan Rocky sport estate','','314',1500,'PRIVATE',NULL),(1440,212,296,'Chartered Bank Stanbic IBTC)','','315',100,'PRIVATE',NULL),(1441,212,296,'Charvey Luxury Flats Bulding','','316',500,'PRIVATE',NULL),(1442,212,296,'Chief A.E. Anozie','','317',300,'PRIVATE',NULL),(1443,212,296,'Chief EzeHouse, Oniru Estate','','318',200,'PRIVATE',NULL),(1444,212,296,'City of God I','','319',500,'PRIVATE',NULL),(1445,212,296,'City of God II','','320',500,'PRIVATE',NULL),(1446,212,296,'Core Realties Ltd .Odudu Eleyuwu str Oniru Estate Maroko','','321',200,'PRIVATE',NULL),(1447,212,296,'Crown Estate, Oniru','','322',200,'PRIVATE',NULL),(1448,212,296,'D&Y Ventures','','323',200,'PRIVATE',NULL),(1449,212,296,'Dele Fajemirokun','','324',300,'PRIVATE',NULL),(1450,212,296,'Diamond Bank Head- quarters, Oniru Estate','','325',1000,'PRIVATE',NULL),(1451,212,296,'Emmanuel .O. Adesoye','','326',200,'PRIVATE',NULL),(1452,212,296,'Emmanuel Ikhazoboh','','327',200,'PRIVATE',NULL),(1453,212,296,'ENGR. JOHN OTTI','','328',300,'PRIVATE',NULL),(1455,212,296,'Fidelity Bank, Oniru','','330',200,'PRIVATE',NULL),(1456,212,296,'First Bank Oniru','','331',200,'PRIVATE',NULL),(1457,212,296,'Folorunsho Owoyemi','','332',200,'PRIVATE',NULL),(1458,212,296,'GTB, Oniru Estate British In.','','333',200,'PRIVATE',NULL),(1459,212,296,'Harmony Computers','','334',200,'PRIVATE',NULL),(1460,212,296,'HIS TELECOMUNICATION PLC, BASE STATION','','335',50,'PRIVATE',NULL),(1461,212,296,'Hon Femi Gbajabiamila','','336',100,'PRIVATE',NULL),(1462,212,296,'Horizon Capital Investment','','337',300,'PRIVATE',NULL),(1463,212,296,'IMS, Oniru Estate','','338',200,'PRIVATE',NULL),(1464,212,296,'Intercontinental Bank Oniru','','339',100,'PRIVATE',NULL),(1465,212,296,'Internet Solution Ltd','','340',500,'PRIVATE',NULL),(1466,212,296,'Laplaya Suite','','341',200,'PRIVATE',NULL),(1467,212,296,'Lazagne Court','','342',200,'PRIVATE',NULL),(1468,212,296,'Lekki Concession Company Ltd.','','343',500,'PRIVATE',NULL),(1469,212,296,'Millenium Home Estate','','344',500,'PRIVATE',NULL),(1471,212,296,'Millenium Home Estate (LOCAL)','','346',500,'PRIVATE',NULL),(1472,212,296,'Mobil Car Park','','347',500,'PRIVATE',NULL),(1473,212,296,'Modesty Capital','','348',200,'PRIVATE',NULL),(1474,212,296,'MR OLAGUNDOYE','','349',200,'PRIVATE',NULL),(1475,212,296,'Mr Olalekan Idowu samuel','','350',100,'PRIVATE',NULL),(1476,212,296,'Mr. Abayomi Akinade','','352',200,'PRIVATE',NULL),(1477,212,296,'MRS & MRS ADEBOWALE','','353',100,'PRIVATE',NULL),(1478,212,296,'N0 1 Nduka Eze.Oniru Est','','354',500,'PRIVATE',NULL),(1479,212,296,'N04, Nduka Eze Oniru \"','','355',200,'PRIVATE',NULL),(1480,212,296,'No 5,Nduka Eze Oniru \"','','356',300,'PRIVATE',NULL),(1481,212,296,'Oba Idowu Abiodun, Oniru Road (Local)','','357',500,'PRIVATE',NULL),(1482,212,296,'Olabintan House ,10-11 Palace road , Oniru estate','','358',300,'PRIVATE',NULL),(1483,212,296,'Oniru Compound','','359',200,'PRIVATE',NULL),(1484,212,296,'Oniru Estate','','360',200,'PRIVATE',NULL),(1485,212,296,'Phoenix Assurance','','361',300,'PRIVATE',NULL),(1486,212,296,'Prince Alaba Oniru Plot 3, Elegba Festival Rd.','','362',200,'PRIVATE',NULL),(1487,212,296,'Prince Isiaka Oniru','','363',300,'PRIVATE',NULL),(1488,212,296,'Radmed House','','364',500,'PRIVATE',NULL),(1489,212,296,'Resort Mews','','365',200,'PRIVATE',NULL),(1490,212,296,'Seagle courts ,blk 111 Plot 7B simeon akinriolu cresc. Oniru','','366',300,'PRIVATE',NULL),(1491,212,296,'SEAGLE PROPERTIES COY. LTD','','367',300,'PRIVATE',NULL),(1492,212,296,'Seagle properties dev','','368',200,'PRIVATE',NULL),(1493,212,296,'Shepherd House Oniru Rd','','369',200,'PRIVATE',NULL),(1494,212,296,'Shore  Line','','370',200,'PRIVATE',NULL),(1495,212,296,'Simeon Akinlonu/Joseph Adu, Oniru','','371',300,'PRIVATE',NULL),(1496,212,296,'Skye Bank, Oniru Road','','372',100,'PRIVATE',NULL),(1497,212,296,'Sokpalub A.J. (Dr.) Sogbesan Close, Oniru','','373',200,'PRIVATE',NULL),(1498,212,296,'The Chariot Akinbolagbe st','','374',200,'PRIVATE',NULL),(1499,212,296,'The incubator event center,chf yesufu abiodun  str.','','375',200,'PRIVATE',NULL),(1500,212,296,'Tokke Properties Nig. Ltd.','','376',300,'PRIVATE',NULL),(1501,212,296,'Total Filling Station','','377',100,'PRIVATE',NULL),(1502,212,296,'V/Mobil','','378',100,'PRIVATE',NULL),(1503,212,296,'VINEYARD DESIGN LTD','','379',300,'PRIVATE',NULL),(1504,212,296,'White Sand Estate, Elegba Festival Drive','','380',200,'PRIVATE',NULL),(1505,212,296,'STEELERS VENTURES LTD','','381',300,'PRIVATE',NULL),(1506,212,296,'REEDEMED CHRISTIAN CHURCH OF GOD HOSPITAL OPP 4-POINT HOTEL','','382',200,'PRIVATE',NULL),(1507,212,296,'PRIME SHOPPING PLAZA','','383',500,'PRIVATE',NULL),(1508,212,296,'CHUKWUMA OKORONKWO','','384',200,'PRIVATE',NULL),(1509,212,296,'ALHAJI BUARI ABU OLOTO','','385',200,'PRIVATE',NULL),(1510,212,296,'FORTE OIL NIGERIA PLC','','386',100,'PRIVATE',NULL),(1511,212,296,'PRINCE ALABAONIRU','','387',300,'PRIVATE',NULL),(1512,212,297,'Etim Iyang Local','','001',500,'PUBLIC','MAROKO U/T VI'),(1513,212,297,'Awoyinfa (Local)','','002',500,'PUBLIC','MAROKO U/T VI'),(1514,212,297,'Labamum Giwom (Local)','','003',300,'PUBLIC','MAROKO U/T VI'),(1515,212,297,'Prince K. Akingbade','','004',500,'PUBLIC','MAROKO U/T VI'),(1516,212,297,'Falope','','005',300,'PUBLIC','MAROKO U/T VI'),(1517,212,297,'Ogunna (Local)','','006',500,'PUBLIC','IKOYI'),(1518,212,297,'UBA, Ajose Adeogun','','007',200,'PUBLIC','NO ACCESS'),(1519,212,297,'Allan (Local)','','008',500,'PUBLIC','MAROKO U/T VI'),(1520,212,297,'21st Century','','301',500,'PRIVATE',NULL),(1521,212,297,'259 Etim Inyang','','302',800,'PRIVATE',NULL),(1522,212,297,'Aim Plaza','','303',1000,'PRIVATE',NULL),(1523,212,297,'Ajalenkoko (Local)','','304',500,'PRIVATE',NULL),(1524,212,297,'Akwa Ibom state','','305',300,'PRIVATE',NULL),(1525,212,297,'Alhaji Muri-264   \"','','306',300,'PRIVATE',NULL),(1526,212,297,'Chief Okam 265 E.Inyang','','307',300,'PRIVATE',NULL),(1527,212,297,'Dr.Ugoji-M. Okunola str','','308',300,'PRIVATE',NULL),(1528,212,297,'E.N. Kaniu','','309',100,'PRIVATE',NULL),(1529,212,297,'F.James Holding 247 E.I','','310',500,'PRIVATE',NULL),(1530,212,297,'Gulf Oil,Plt 256 E.Iyang Cres','','311',200,'PRIVATE',NULL),(1531,212,297,'Hamili Tow Michael','','312',200,'PRIVATE',NULL),(1532,212,297,'IMPERIAL','','313',200,'PRIVATE',NULL),(1533,212,297,'IntercontinetalBank M.Okunola','','314',100,'PRIVATE',NULL),(1534,212,297,'Majomiclarscom','','315',200,'PRIVATE',NULL),(1535,212,297,'Mariakarina Nig. Ltd. Etim Inyang','','316',300,'PRIVATE',NULL),(1536,212,297,'MF Alakija,Plt 257 \"','','317',315,'PRIVATE',NULL),(1537,212,297,'Moring Side Suite','','318',100,'PRIVATE',NULL),(1538,212,297,'Mr. Abiodun Sobanjo','','319',200,'PRIVATE',NULL),(1539,212,297,'Mr. Adebola Oshinsanya','','320',300,'PRIVATE',NULL),(1540,212,297,'Nigeria Agip Oil','','321',100,'PRIVATE',NULL),(1541,212,297,'NNPC Medical Centre','','322',300,'PRIVATE',NULL),(1542,212,297,'Otunba Bolaji, 16A Ajose Adeogun','','323',200,'PRIVATE',NULL),(1543,212,297,'Palm Kernel  Court','','324',300,'PRIVATE',NULL),(1544,212,297,'Pearl Harbound','','325',500,'PRIVATE',NULL),(1545,212,297,'Price Water','','326',500,'PRIVATE',NULL),(1546,212,297,'Prince K. Akingbade II','','327',300,'PRIVATE',NULL),(1547,212,297,'RIO PLAZA','','328',500,'PRIVATE',NULL),(1548,212,297,'Royal Estate & Dev Ltd 88, Ajose Adeogun','','329',300,'PRIVATE',NULL),(1549,212,297,'Seun & Sule','','330',200,'PRIVATE',NULL),(1550,212,297,'Stallion House I','','331',1000,'PRIVATE',NULL),(1551,212,297,'Stallion House II','','332',1000,'PRIVATE',NULL),(1552,212,297,'Stallion House III','','333',300,'PRIVATE',NULL),(1553,212,297,'Tantalizers','','334',200,'PRIVATE',NULL),(1554,212,297,'Unipetrol / Eco Bank','','335',300,'PRIVATE',NULL),(1555,212,297,'Universal T.Bank(Ivie Hou).','','336',500,'PRIVATE',NULL),(1556,212,297,'UTB, Ajose Adeogun','','337',300,'PRIVATE',NULL),(1557,212,297,'Yats Collection 241  \"','','338',300,'PRIVATE',NULL),(1558,212,297,'Zenith Bank 16B, Ajose Adeogun','','339',200,'PRIVATE',NULL),(1559,212,297,'Zenith Bank E. Inyang Cre','','340',200,'PRIVATE',NULL),(1560,212,297,'Zenith Insura. A. Adeogun','','341',200,'PRIVATE',NULL),(1561,212,297,'CAVERTON MARINE LTD','','342',200,'PRIVATE',NULL),(1562,212,297,'STERLING GLOBAL OIL RESOURCES','','343',500,'PRIVATE',NULL),(1563,212,296,'Fidelity Bank PLC. 2','','329',200,'PRIVATE',NULL),(1564,212,296,'Millenium Home Estate 2','','345',500,'PRIVATE',NULL),(1565,212,296,'Mr Pablo Amara,Block xii plot 17 odudu elayemi oniru estate mar','','351',200,'PRIVATE',NULL),(1566,213,299,'Aikhomu (Local)','','001',500,'PUBLIC','MAROKO U/T VI'),(1567,213,299,'Jide Oki/Prince A.Odedina (Local)','','002',500,'PUBLIC','MAROKO U/T VI'),(1568,213,299,'Younis Bashorun, Akin Ogunlewe (Local)','','003',300,'PUBLIC','AKIN OGUNLEWE, V/I'),(1569,213,299,'Akin Ogunlewe (Local)','','004',500,'PUBLIC','AKIN OGUNLEWE, V/I'),(1570,213,299,'Adebisi Omotola (Local)','','005',500,'PUBLIC','MAROKO U/T VI'),(1571,213,299,'A.J.Mario (Local)','','006',500,'PUBLIC','MARIO STR,'),(1572,213,299,'Opere (Local)','','007',500,'PUBLIC','MAROKO U/T VI'),(1573,213,299,'Anamco (Local)','','008',500,'PUBLIC','MAROKO U/T VI'),(1574,213,299,'Abibu Adetoro (Local)','','009',300,'PUBLIC','MAROKO U/T VI'),(1575,213,299,'S. Adedoyin/A. Omotola','','010',500,'PUBLIC','ADELEKE ADEDOYIN V/I'),(1576,213,299,'Opec Local','','011',500,'PUBLIC','IKOYI'),(1577,213,299,'FED. MIN OF STAT.','','012',500,'PUBLIC','RIBADU STR, IKOYI'),(1578,213,299,'Adeyemi Ademola -Bero, 7 micheal okoya str','','301',300,'PRIVATE',NULL),(1579,213,299,'Agip, 308 Jide Oiki street','','302',300,'PRIVATE',NULL),(1580,213,299,'Alh Mohamed Hayaoudeen','','303',200,'PRIVATE',NULL),(1581,213,299,'Aqua Tower I, Marhio Drive','','304',500,'PRIVATE',NULL),(1582,213,299,'Aqua Tower II Marhio Drive','','305',200,'PRIVATE',NULL),(1583,213,299,'Bayo Ojo','','306',300,'PRIVATE',NULL),(1584,213,299,'Bow Voyage Mariho Drive','','307',500,'PRIVATE',NULL),(1585,213,299,'CGG Veritas Jide Oki str','','308',200,'PRIVATE',NULL),(1586,213,299,'Chartered Bnk House','','309',200,'PRIVATE',NULL),(1587,213,299,'Cityscape','','310',300,'PRIVATE',NULL),(1588,213,299,'Col.Odunlade, A.Ogunlewe','','311',200,'PRIVATE',NULL),(1589,213,299,'Du-Point, Plt 308 Young Bashorun','','312',300,'PRIVATE',NULL),(1590,213,299,'Foundation Mirror \"','','313',500,'PRIVATE',NULL),(1591,213,299,'French School','','314',500,'PRIVATE',NULL),(1592,213,299,'IGI, Jide Oki street','','315',300,'PRIVATE',NULL),(1593,213,299,'Intercontinental Bank, AJOSE','','316',100,'PRIVATE',NULL),(1594,213,299,'Josephine Akhigbe M.Drive','','317',500,'PRIVATE',NULL),(1595,213,299,'Lagos State Water Cooperation','','318',500,'PRIVATE',NULL),(1596,213,299,'lindev holding ltd 81,younis bashorun str maroko','','319',300,'PRIVATE',NULL),(1597,213,299,'Luther Brudge N0.4, Fatai Durosinmi-Etti','','320',100,'PRIVATE',NULL),(1598,213,299,'Mariroh Drive Local','','321',500,'PRIVATE',NULL),(1599,213,299,'Mondivest Nig. Ltd','','322',500,'PRIVATE',NULL),(1600,213,299,'Motor Phone 82, Younis Bashorun','','323',200,'PRIVATE',NULL),(1601,213,299,'Mr. Raymond Obieri   \"','','324',100,'PRIVATE',NULL),(1602,213,299,'Mustasons','','325',500,'PRIVATE',NULL),(1603,213,299,'N0 1, Tony Anigbede, Agip','','326',100,'PRIVATE',NULL),(1604,213,299,'N0 2 Tony Anegbede','','327',500,'PRIVATE',NULL),(1605,213,299,'N0 20a, Sinari Daminijo str','','328',200,'PRIVATE',NULL),(1606,213,299,'N0 26A Gafar Animashaun','','329',200,'PRIVATE',NULL),(1607,213,299,'Oceanic Bank, A.Adegoun','','330',200,'PRIVATE',NULL),(1608,213,299,'Orthagon House,M.Drive','','331',1600,'PRIVATE',NULL),(1609,213,299,'Otobo Younis Bashorun','','332',300,'PRIVATE',NULL),(1610,213,299,'Palm View Manor','','333',500,'PRIVATE',NULL),(1611,213,299,'Pier - Harbour','','334',500,'PRIVATE',NULL),(1612,213,299,'Prime Atlantic ceg elect.','','335',200,'PRIVATE',NULL),(1613,213,299,'PRIME METRO PROPERTY LTD','','336',100,'PRIVATE',NULL),(1614,213,299,'Protea Hotel (Princely Court)','','337',200,'PRIVATE',NULL),(1615,213,299,'R. Dekposi, A. Adeogun','','338',200,'PRIVATE',NULL),(1616,213,299,'Rachel Court 166A Sinari Daranijo','','339',200,'PRIVATE',NULL),(1617,213,299,'RCCG, Jide Oki street','','340',200,'PRIVATE',NULL),(1618,213,299,'Russian Embassy I','','341',1000,'PRIVATE',NULL),(1619,213,299,'Russian Embassy II','','342',1000,'PRIVATE',NULL),(1620,213,299,'Saipem - Ajose Adeogun','','343',500,'PRIVATE',NULL),(1622,213,299,'Scharlet Lodge','','345',200,'PRIVATE',NULL),(1623,213,299,'Second Image, 24 A.J.Mariho Drive','','346',300,'PRIVATE',NULL),(1624,213,299,'Skye Bank, A. Adeogun','','347',100,'PRIVATE',NULL),(1625,213,299,'SLIM & SECH NIGERIA LTD','','348',100,'PRIVATE',NULL),(1626,213,299,'The New Classic   \"','','349',200,'PRIVATE',NULL),(1627,213,299,'Trulease Plt 290, \"','','350',300,'PRIVATE',NULL),(1628,213,299,'U.K CONSTRUCTION','','351',1000,'PRIVATE',NULL),(1629,213,299,'Unitrust House','','352',500,'PRIVATE',NULL),(1630,213,299,'Venture Trust','','353',500,'PRIVATE',NULL),(1631,213,299,'William Olufemi Jide Oki','','354',300,'PRIVATE',NULL),(1632,213,299,'Y-Ahmed','','355',200,'PRIVATE',NULL),(1634,213,299,'Zenith Bank I, A. Adeogun','','357',500,'PRIVATE',NULL),(1636,213,299,'Zenith Bank, A.Adeogun II','','359',500,'PRIVATE',NULL),(1638,213,299,'21 CENTURY TECHNOOGIES','','361',200,'PRIVATE',NULL),(1639,213,300,'Ajose Adeogun Local','','001',300,'PUBLIC','MAROKO U/T VI'),(1640,213,300,'Jide Oki (Local)','','002',315,'PUBLIC','JIDE OKI'),(1641,213,300,'Moshood Olugbade Local','','003',500,'PUBLIC','OLUGBADE, V/I'),(1642,213,300,'Olabode George Street I','','004',500,'PUBLIC','GEORGE STR'),(1643,213,300,'Olabode George Street II','','005',500,'PUBLIC','GEORGE STR'),(1644,213,300,'A.Ogunlewe/L.Ayorinde','','006',500,'PUBLIC','LIGALI AYORINDE, V/I'),(1645,213,300,'Ogunyemi street, Oniru','','007',500,'PUBLIC','ONIRU V/I'),(1646,213,300,'NETCO','','008',800,'PUBLIC','MAROKO U/T VI'),(1647,213,300,'Oniru Resettlement','','009',500,'PUBLIC','ONIRU V/I'),(1648,213,300,'Moshood Ogugbani Relief S/S','','010',500,'PUBLIC','OGUNGANI STR'),(1649,213,300,'Onigefon Oniru Relief Substation','','011',500,'PUBLIC','ONIGEFON, IKOYI'),(1650,213,300,'Ogunyemi II Relief Substation','','012',500,'PUBLIC','IKOYI'),(1651,213,300,'1st Bank, Abibu Adetoro','','301',200,'PRIVATE',NULL),(1652,213,300,'3-DIMENSION INTEGRATED GOUP LIMITED','','302',300,'PRIVATE',NULL),(1653,213,300,'Access Bank I','','303',1000,'PRIVATE',NULL),(1654,213,300,'Access Bank II','','304',500,'PRIVATE',NULL),(1655,213,300,'Acess Bank, L. Ayorinde','','305',500,'PRIVATE',NULL),(1656,213,300,'Aduralere House','','306',300,'PRIVATE',NULL),(1657,213,300,'Arab Cont,145 A.Adeogun','','307',200,'PRIVATE',NULL),(1658,213,300,'Ark Tower, L. Ayorinde','','308',500,'PRIVATE',NULL),(1659,213,300,'Asher Court, Oniru','','309',500,'PRIVATE',NULL),(1660,213,300,'Assoc. Property,Plt 306/307 Jide Oki str.','','310',300,'PRIVATE',NULL),(1661,213,300,'Atlantic Beach I','','311',500,'PRIVATE',NULL),(1662,213,300,'Atlantic Beach II','','312',500,'PRIVATE',NULL),(1663,213,300,'Babatunde Adenuga','','313',200,'PRIVATE',NULL),(1664,213,300,'Bela\'s Place','','314',500,'PRIVATE',NULL),(1665,213,300,'Bisi Omidiora','','315',100,'PRIVATE',NULL),(1666,213,300,'Capital Bank','','316',500,'PRIVATE',NULL),(1667,213,300,'Ceru Estate','','317',300,'PRIVATE',NULL),(1668,213,300,'Covenant Estate W.Corp.','','318',500,'PRIVATE',NULL),(1669,213,300,'Crescent Park','','319',200,'PRIVATE',NULL),(1670,213,300,'Doyin House','','320',300,'PRIVATE',NULL),(1671,213,300,'Dr I.C. Monu','','321',500,'PRIVATE',NULL),(1672,213,300,'Dr. Alakija','','322',100,'PRIVATE',NULL),(1673,213,300,'Emerald Court','','323',300,'PRIVATE',NULL),(1674,213,300,'EMERSON NETWORK LTD','','324',100,'PRIVATE',NULL),(1675,213,300,'Fabac Estate, Adeniyi Coker','','325',300,'PRIVATE',NULL),(1676,213,300,'Femi Sule','','326',300,'PRIVATE',NULL),(1678,213,300,'Food Concept','','328',100,'PRIVATE',NULL),(1679,213,300,'Frank Diowo nig Ltd','','329',300,'PRIVATE',NULL),(1681,213,300,'Goosandra House','','331',100,'PRIVATE',NULL),(1682,213,300,'GTB Car Park','','332',300,'PRIVATE',NULL),(1683,213,300,'HEIDI Court','','333',300,'PRIVATE',NULL),(1684,213,300,'Holloyway Estate','','334',500,'PRIVATE',NULL),(1685,213,300,'Intercontinental Home I','','335',500,'PRIVATE',NULL),(1686,213,300,'K. Abraham/L. Ayorinde','','336',300,'PRIVATE',NULL),(1687,213,300,'KAYLORDS ENTERPRISES','','337',200,'PRIVATE',NULL),(1688,213,300,'Kyalami Terrace','','338',200,'PRIVATE',NULL),(1689,213,300,'Kylami Molis properties ,Onigefor rd , Oniru estate','','339',200,'PRIVATE',NULL),(1690,213,300,'L.A. Property Company','','340',300,'PRIVATE',NULL),(1691,213,300,'Living Foutain Ophanage','','341',100,'PRIVATE',NULL),(1692,213,300,'MARMUK RESDENTIAL DEVELOPMENT','','342',100,'PRIVATE',NULL),(1693,213,300,'MGF Nig. Ltd','','343',500,'PRIVATE',NULL),(1694,213,300,'Mr. A.A. Aderogba','','344',300,'PRIVATE',NULL),(1695,213,300,'Mr. Adenekan Gbadebo, Orisasanya Crest.','','345',100,'PRIVATE',NULL),(1696,213,300,'MR. FEMI OBAGUN','','346',100,'PRIVATE',NULL),(1697,213,300,'Mrs Gani Dawodu','','347',200,'PRIVATE',NULL),(1698,213,300,'Mrs Juliana Dosekun','','348',200,'PRIVATE',NULL),(1699,213,300,'Mrs Omisakin aderonke','','349',200,'PRIVATE',NULL),(1700,213,300,'MTN, Water Corporation','','350',50,'PRIVATE',NULL),(1701,213,300,'Multichoice','','351',500,'PRIVATE',NULL),(1702,213,300,'N0 30 Olabode George str','','352',300,'PRIVATE',NULL),(1703,213,300,'New Dacon Baptist Church','','353',200,'PRIVATE',NULL),(1704,213,300,'New Market','','354',300,'PRIVATE',NULL),(1705,213,300,'Nura Imam','','355',300,'PRIVATE',NULL),(1706,213,300,'Oba Oniru Palace','','356',200,'PRIVATE',NULL),(1707,213,300,'Oba Yesufu Oniru Street Lightning','','357',300,'PRIVATE',NULL),(1708,213,300,'Obialeri','','358',100,'PRIVATE',NULL),(1709,213,300,'Olabnthan Estate,23, Water Corporation','','359',200,'PRIVATE',NULL),(1710,213,300,'Olu-Okun','','360',300,'PRIVATE',NULL),(1711,213,300,'Patrick Dozie','','361',100,'PRIVATE',NULL),(1712,213,300,'Plt 16, W.Corporation Rd','','362',500,'PRIVATE',NULL),(1713,213,300,'Plt 177A Ligali Ayorinde','','363',200,'PRIVATE',NULL),(1714,213,300,'Pooc Car Park','','364',200,'PRIVATE',NULL),(1715,213,300,'Prestige Insurance','','365',200,'PRIVATE',NULL),(1716,213,300,'Prime Water V.Court Oniru','','366',200,'PRIVATE',NULL),(1717,213,300,'Prince Adesegun Oniru','','367',300,'PRIVATE',NULL),(1718,213,300,'Princely Estate','','368',300,'PRIVATE',NULL),(1719,213,300,'Prof Aboadr-Plt 142 T.Y.  Danjuma','','369',500,'PRIVATE',NULL),(1720,213,300,'Prof.  Abowaba','','370',100,'PRIVATE',NULL),(1721,213,300,'RCCG, W. Corporation','','371',200,'PRIVATE',NULL),(1722,213,300,'Roding Medical Centre','','372',200,'PRIVATE',NULL),(1723,213,300,'Royal Court Estate','','373',500,'PRIVATE',NULL),(1724,213,300,'S.Daramijo/A.Adetoro Loc','','374',300,'PRIVATE',NULL),(1725,213,300,'Seun Faleye','','375',50,'PRIVATE',NULL),(1726,213,300,'Shanu Court','','376',300,'PRIVATE',NULL),(1727,213,300,'Solitude, W.Corporation','','377',300,'PRIVATE',NULL),(1728,213,300,'Spicery Guest Suites','','378',300,'PRIVATE',NULL),(1729,213,300,'Staromm Base Station','','379',100,'PRIVATE',NULL),(1730,213,300,'Tami Thames plt 17 blk xxv oba abiodun yesufu way oniru estate','','380',500,'PRIVATE',NULL),(1731,213,300,'Tea Realtora Ltd Plot 2 Blk XXI Mabogunje street Oniru Estate','','381',200,'PRIVATE',NULL),(1732,213,300,'The Occupant,Plt 22B L. Ayorinde','','382',100,'PRIVATE',NULL),(1733,213,300,'Tunji Animasahun','','383',100,'PRIVATE',NULL),(1734,213,300,'Victoria Continental Hotels and Towers','','384',300,'PRIVATE',NULL),(1735,213,300,'Wakama','','385',200,'PRIVATE',NULL),(1736,213,300,'Water Corporation','','386',500,'PRIVATE',NULL),(1737,213,300,'MOUNTAIN OF FIRE & MIRACLE MINISTRIES','','387',100,'PRIVATE',NULL),(1738,213,300,'BRICKHOUSE CONSTRUCTION COMPANY','','388',300,'PRIVATE',NULL),(1739,213,300,'LANDMARK VILLAGE II','','389',1000,'PRIVATE',NULL),(1740,213,301,'AKINRIMISI HOUSE','','301',50,'PRIVATE',NULL),(1741,213,302,'Ligali Ayorinde (Local)','','001',500,'PUBLIC','LIGALI AYORINDE, V/I'),(1742,213,302,'Losde Crescent (Local)','','002',300,'PUBLIC','MAROKO U/T VI'),(1743,213,302,'Aboyade Cole/S.Manuwa','','003',500,'PUBLIC','ABOYADE COLE STR,  V/I'),(1744,213,302,'S.Manuwa / Festival Rd','','004',500,'PUBLIC','FESTIVAL RD'),(1745,213,302,'Balarabe Musa (Local)','','005',500,'PUBLIC','BALARABE MUSA STR, V/I'),(1746,213,302,'S.Manuwa / B. Musa','','006',500,'PUBLIC','S.MANUWA / B.MUSA STR. V/I'),(1747,213,302,'Longe (Local)','','007',500,'PUBLIC','MAROKO U/T VI'),(1748,213,302,'Iturin Court','','008',500,'PUBLIC','VICTORIA ISLAND'),(1749,213,302,'Bendel Close Local','','009',300,'PUBLIC','VICTORIA ISLAND'),(1750,213,302,'A/ Ademola/Festival Rd.','','010',500,'PUBLIC','Festival Rd'),(1751,213,302,'Addax Bendel Close','','011',300,'PUBLIC','BENDEL CLOSE'),(1752,213,302,'3,Fabac Aboyade Cole str','','301',300,'PRIVATE',NULL),(1753,213,302,'Ahmed Onibuke','','302',300,'PRIVATE',NULL),(1754,213,302,'America Int. School I','','303',300,'PRIVATE',NULL),(1755,213,302,'America Int. School II','','304',300,'PRIVATE',NULL),(1756,213,302,'Bayelsa State Govt.','','305',200,'PRIVATE',NULL),(1757,213,302,'B-Jays Hotel','','306',200,'PRIVATE',NULL),(1758,213,302,'CHURCH OF RESSURRECTION','','307',300,'PRIVATE',NULL),(1759,213,302,'Dream Plaza','','308',500,'PRIVATE',NULL),(1760,213,302,'Econet Cell Centre','','309',100,'PRIVATE',NULL),(1761,213,302,'Fat-Ani Plaza L.Ayorinde','','310',200,'PRIVATE',NULL),(1762,213,302,'Gliat Nig. Ltd','','311',300,'PRIVATE',NULL),(1763,213,302,'Guaranty Trust Assurance 1','','312',500,'PRIVATE',NULL),(1764,213,302,'Guaranty Trust Assurance 2','','313',1000,'PRIVATE',NULL),(1765,213,302,'Harmoney Trust & Invest.','','314',100,'PRIVATE',NULL),(1766,213,302,'Harmoney Trust & Invest. 1B Aboyade Cole','','315',500,'PRIVATE',NULL),(1767,213,302,'Joseph & Michael','','316',500,'PRIVATE',NULL),(1768,213,302,'Knola Construction','','317',315,'PRIVATE',NULL),(1769,213,302,'Manfield Property','','318',200,'PRIVATE',NULL),(1770,213,302,'Mansfield property','','319',200,'PRIVATE',NULL),(1771,213,302,'Mobil House I','','320',2000,'PRIVATE',NULL),(1772,213,302,'Mobil House II','','321',1250,'PRIVATE',NULL),(1773,213,302,'Mobil House III','','322',1000,'PRIVATE',NULL),(1774,213,302,'Mobil House IV','','323',1000,'PRIVATE',NULL),(1775,213,302,'Mobil House V','','324',500,'PRIVATE',NULL),(1776,213,302,'Mobil House VI','','325',500,'PRIVATE',NULL),(1777,213,302,'Mobil House VII','','326',500,'PRIVATE',NULL),(1778,213,302,'Mobil Producing Ltd.','','327',300,'PRIVATE',NULL),(1779,213,302,'Rocky Sporting Club','','328',315,'PRIVATE',NULL),(1780,213,302,'SNH clinics','','329',300,'PRIVATE',NULL),(1781,213,302,'CORPORATE ASSIGNMNET LTD','','330',200,'PRIVATE',NULL),(1782,213,302,'IPNX','','331',300,'PRIVATE',NULL),(1783,213,302,'QUILOX RESTAURANT','','332',300,'PRIVATE',NULL),(1784,213,302,'KITCHENS AND ACCESSORIES','','333',100,'PRIVATE',NULL),(1785,213,299,'Saka T / Agorodiyan 2','','344',200,'PRIVATE',NULL),(1788,213,299,'Zenith Bank 5','','356',200,'PRIVATE',NULL),(1789,213,299,'Zenith Bank I, A. Adeogun 2','','358',500,'PRIVATE',NULL),(1790,213,299,'BODE ADEDEJI PARTERSHIP LTD 2','','360',300,'PRIVATE',NULL),(1791,213,300,'First Bank 5','','327',200,'PRIVATE',NULL),(1792,213,300,'G. Cappa 2','','330',300,'PRIVATE',NULL),(1793,214,307,'LION BUILDING','','001',500,'PUBLIC',NULL),(1794,214,307,'CATHOLIC MISSION','','002',500,'PUBLIC',NULL),(1795,214,307,'ELEGANZA - JOSEPH','','301',1000,'PRIVATE',NULL),(1796,214,307,'M - TEC - CAMPUS','','302',200,'PRIVATE',NULL),(1797,214,307,'ST. PETERS HOUSE','','303',750,'PRIVATE',NULL),(1798,214,307,'ST. PETERS CHURCH','','304',750,'PRIVATE',NULL),(1799,214,307,'SUMIT - AJELE','','305',100,'PRIVATE',NULL),(1800,214,307,'KNIGHT  FRANK - CAMPUS','','306',500,'PRIVATE',NULL),(1801,214,307,'KNIGHT  FRANK - CAMPUS 2','','307',500,'PRIVATE',NULL),(1802,214,307,'ZENITH  (I)  C / MISSION','','308',300,'PRIVATE',NULL),(1803,214,307,'ZENITH  (II)  CAMPBELL','','309',100,'PRIVATE',NULL),(1804,214,307,'STERLIN BANK - MARINA','','310',1250,'PRIVATE',NULL),(1806,214,307,'FCMB  JOSEPH  ST.','','312',100,'PRIVATE',NULL),(1807,214,307,'MIN.  OF  YOUTH  SPORT','','313',300,'PRIVATE',NULL),(1808,214,307,'MR. BIG\'S - WESLEY','','314',200,'PRIVATE',NULL),(1810,214,307,'POLICE  COOPERATIVE','','316',200,'PRIVATE',NULL),(1811,214,307,'STADIUM','','317',300,'PRIVATE',NULL),(1812,214,307,'STERLIN BANK - MARINA 2','','311',1500,'PRIVATE',NULL),(1813,214,307,'STREET LIGHT 3','','315',100,'PRIVATE',NULL),(1814,215,308,'TOKUNBO / ADAM','','001',500,'PUBLIC',NULL),(1815,215,308,'RICCA  I','','002',500,'PUBLIC',NULL),(1816,215,308,'RICCA  2','','003',500,'PUBLIC',NULL),(1817,215,308,'OMIDUNDUN','','004',500,'PUBLIC',NULL),(1818,215,308,'GRIFFITH I','','005',500,'PUBLIC',NULL),(1819,215,308,'UBA - JOSEPH','','006',200,'PUBLIC',NULL),(1820,215,308,'NIGER INSURANCE CAMPUS','','007',800,'PUBLIC',NULL),(1822,215,308,'RICCA','','009',500,'PUBLIC',NULL),(1823,215,309,'BROAD ST.','','001',200,'PUBLIC',NULL),(1824,215,309,'INLAND WATER WAY / FERRY','','002',200,'PUBLIC',NULL),(1825,215,309,'INLAND WATER WAY / AJELE','','003',300,'PUBLIC',NULL),(1826,215,309,'Bornu By Kano','','004',500,'PUBLIC',NULL),(1827,215,309,'Freeman Local','','005',500,'PUBLIC',NULL),(1828,215,309,'Market II','','006',500,'PUBLIC',NULL),(1829,215,309,'Kano/MM','','007',500,'PUBLIC',NULL),(1830,215,309,'Oyingbo RailWay','','008',300,'PUBLIC',NULL),(1831,215,309,'FEERY MARUNA','','301',300,'PRIVATE',NULL),(1832,215,309,'GOVT PRESS BROAD ST.','','302',500,'PRIVATE',NULL),(1833,215,309,'SIX STORY BROAD  ST.','','303',500,'PRIVATE',NULL),(1834,215,309,'NECOM I','','304',800,'PRIVATE',NULL),(1835,215,309,'NECOM II','','305',800,'PRIVATE',NULL),(1836,215,309,'NECOM III','','306',800,'PRIVATE',NULL),(1837,215,309,'NECOM IV','','307',500,'PRIVATE',NULL),(1838,215,309,'STREET LIGHT (MARINA)','','308',100,'PRIVATE',NULL),(1839,215,309,'COCA-COLA','','309',100,'PRIVATE',NULL),(1840,215,309,'NCR','','310',750,'PRIVATE',NULL),(1841,215,309,'CAPPA N\'DALBERTO','','311',500,'PRIVATE',NULL),(1842,215,309,'USIS','','312',500,'PRIVATE',NULL),(1843,215,309,'DOC\'S FLAT','','313',300,'PRIVATE',NULL),(1844,215,309,'GEN. HOSPITAL','','314',500,'PRIVATE',NULL),(1845,215,309,'Bhojsons','','315',300,'PRIVATE',NULL),(1846,215,309,'M/L Hotels I','','316',750,'PRIVATE',NULL),(1847,215,309,'M/L Hotels II','','317',500,'PRIVATE',NULL),(1848,215,309,'Iddo House','','318',1000,'PRIVATE',NULL),(1849,215,309,'Iddo Computer','','319',300,'PRIVATE',NULL),(1852,215,309,'A.G. Leventis','','322',500,'PRIVATE',NULL),(1853,215,309,'Wema Bank','','323',100,'PRIVATE',NULL),(1854,215,309,'UBA Oyingbo','','324',200,'PRIVATE',NULL),(1857,215,309,'UBA Iddo','','327',200,'PRIVATE',NULL),(1858,215,309,'Plaza shopping II Complex','','328',100,'PRIVATE',NULL),(1859,215,309,'Tantalizer','','329',100,'PRIVATE',NULL),(1860,215,309,'Moon Shine','','330',100,'PRIVATE',NULL),(1861,215,309,'Intercont. Bank','','331',100,'PRIVATE',NULL),(1863,215,309,'CONER CAFÉ','','333',100,'PRIVATE',NULL),(1865,215,309,'Inter. Bank Iddo','','335',100,'PRIVATE',NULL),(1867,215,309,'Wemabod Estate','','337',300,'PRIVATE',NULL),(1868,215,309,'Ass. Micro. Finance','','338',100,'PRIVATE',NULL),(1869,215,310,'TINUBU','','001',500,'PUBLIC',NULL),(1870,215,310,'MOSAIC / ST ANNA','','002',300,'PUBLIC',NULL),(1871,215,310,'MOSAIC','','003',500,'PUBLIC',NULL),(1872,215,310,'CATHEDRAL CHURCH','','301',500,'PRIVATE',NULL),(1873,215,310,'CHURCH HOUSE','','302',500,'PRIVATE',NULL),(1874,215,310,'INVESTMENT MRINA','','303',800,'PRIVATE',NULL),(1875,215,310,'MR. BIGG TINUBU  GTI','','304',500,'PRIVATE',NULL),(1876,215,310,'NITEL  INDOOR','','305',500,'PRIVATE',NULL),(1877,215,310,'GENERAL POST OFFICE','','306',500,'PRIVATE',NULL),(1878,215,310,'PRIME  ROSE','','307',800,'PRIVATE',NULL),(1879,215,310,'FIRST BANK HQ. MARINA','','308',1600,'PRIVATE',NULL),(1883,215,310,'ROYAL MARINA','','312',500,'PRIVATE',NULL),(1884,215,310,'SKY BANK MARINA','','313',500,'PRIVATE',NULL),(1885,215,310,'FOUNTAIN','','314',500,'PRIVATE',NULL),(1886,215,310,'GTB BROAD ST.','','315',200,'PRIVATE',NULL),(1887,215,310,'OCEANIC / ECO BROAD ST.','','316',100,'PRIVATE',NULL),(1888,215,310,'UAC I MARINA','','317',1600,'PRIVATE',NULL),(1889,215,310,'EAGLE HOUSE','','318',1000,'PRIVATE',NULL),(1892,215,310,'REINSURANCE  MARINA','','321',1000,'PRIVATE',NULL),(1893,215,310,'SHELL  MARINA 1','','322',2000,'PRIVATE',NULL),(1894,215,310,'BANK OF INDUSTRY 1','','323',1000,'PRIVATE',NULL),(1895,215,310,'BANK OF INDUSTRY 2','','324',2500,'PRIVATE',NULL),(1896,215,310,'AJELE INJ. STATION','','325',100,'PRIVATE',NULL),(1897,215,308,'OMIDUN 2','','004',500,'PUBLIC',NULL),(1898,215,309,'Freeman Local 2','','005',500,'PUBLIC',NULL),(1900,215,309,'G. Cappa 3','','321',500,'PRIVATE',NULL),(1902,215,309,'Diamond Bank 3','','325',200,'PRIVATE',NULL),(1903,215,309,'Market III','','326',500,'PRIVATE',NULL),(1904,215,309,'Fidelity Bank 2','','332',100,'PRIVATE',NULL),(1906,215,309,'Oceanic Bank 3','','334',200,'PRIVATE',NULL),(1907,215,309,'Unity Bank 2','','336',100,'PRIVATE',NULL),(1908,215,310,'FIRST BANK HQ. MARINA 2','','309',1600,'PRIVATE',NULL),(1909,215,310,'FIRST BANK HQ. MARINA 3','','310',1600,'PRIVATE',NULL),(1910,215,310,'FIRST BANK HQ. MARINA 4','','311',1600,'PRIVATE',NULL),(1911,215,310,'EAGLE HOUSE 2','','319',1000,'PRIVATE',NULL),(1912,215,310,'EAGLE HOUSE 3','','320',1000,'PRIVATE',NULL),(1913,216,311,'PHCN  HQ.','','301',1000,'PRIVATE',NULL),(1914,216,311,'MAMAN KONTAGORA (1)','','302',1600,'PRIVATE',NULL),(1915,216,311,'MAMAN KONTAGORA (2)','','303',1600,'PRIVATE',NULL),(1916,216,311,'NPA  HQ. (1)','','304',1500,'PRIVATE',NULL),(1919,216,312,'AJELE LOCAL','','001',500,'PUBLIC',NULL),(1920,216,312,'FIRE BRIGADE','','002',500,'PUBLIC',NULL),(1921,216,312,'DAILY EXPRES I','','003',500,'PUBLIC',NULL),(1922,216,312,'DAILY EXPRES II','','004',500,'PUBLIC',NULL),(1923,216,312,'BAMGBOSE','','005',500,'PUBLIC',NULL),(1924,216,312,'OIL MILL','','006',500,'PUBLIC',NULL),(1925,216,312,'AMAGAMATED - AJELE','','301',500,'PRIVATE',NULL),(1926,216,312,'MTN  BAMGBOSE','','302',100,'PRIVATE',NULL),(1928,216,312,'ARIBISALA ,- BAMGBOSE','','304',300,'PRIVATE',NULL),(1929,216,312,'ABDUL - TAORY','','305',100,'PRIVATE',NULL),(1930,216,312,'ELIZATAL','','306',50,'PRIVATE',NULL),(1931,216,312,'WESLEY HOUSE MARINA','','307',300,'PRIVATE',NULL),(1932,216,313,'MASSEY I','','001',500,'PUBLIC',NULL),(1933,216,313,'MASSEY II','','002',500,'PUBLIC',NULL),(1934,216,313,'OLUSHI','','003',500,'PUBLIC',NULL),(1935,216,313,'OKEPOPO','','004',500,'PUBLIC',NULL),(1936,216,313,'CAMPUS','','005',500,'PUBLIC',NULL),(1937,216,313,'MASSEY C. HOSPITAL','','301',500,'PRIVATE',NULL),(1938,216,311,'NPA  HQ. (2)','','305',1000,'PRIVATE',NULL),(1940,216,311,'SHELL  MARINA 2','','306',1600,'PRIVATE',NULL),(1941,217,314,'OKESUNA/MANGO','','001',300,'PUBLIC',NULL),(1942,217,314,'OKESUNA/FORESYTHE','','002',500,'PUBLIC',NULL),(1943,217,314,'OKESUNA/PIKE','','003',300,'PUBLIC',NULL),(1944,217,314,'OKESUNA/CAPPA','','004',500,'PUBLIC',NULL),(1945,217,314,'HAWLEY/LEWIS','','005',500,'PUBLIC',NULL),(1946,217,314,'GIRLS ACADEMY','','006',500,'PUBLIC',NULL),(1947,217,314,'SIMPSON S/S','','007',300,'PUBLIC',NULL),(1948,217,314,'COWLANE S/S','','008',750,'PUBLIC',NULL),(1949,217,314,'SALU COURT','','009',500,'PUBLIC',NULL),(1950,217,314,'SURA MARKET','','010',500,'PUBLIC',NULL),(1951,217,314,'BEECROFT','','011',500,'PUBLIC',NULL),(1952,217,314,'HAWLEY','','012',300,'PUBLIC',NULL),(1953,217,314,'HIS','','301',50,'PRIVATE',NULL),(1954,217,314,'FED. MIN. OF WORKS I','','302',750,'PRIVATE',NULL),(1955,217,314,'FED. MIN. OF WORKS II','','303',750,'PRIVATE',NULL),(1956,217,314,'LARUNDA HOUSE','','304',200,'PRIVATE',NULL),(1957,217,314,'ZAIN (FORESTHYE)','','305',100,'PRIVATE',NULL),(1959,217,314,'KING\'S COLLEGE','','307',500,'PRIVATE',NULL),(1960,217,314,'ETISALAT','','308',50,'PRIVATE',NULL),(1962,217,314,'AIRTEL(AROGBO)','','310',50,'PRIVATE',NULL),(1963,217,314,'HABIB HSE','','311',500,'PRIVATE',NULL),(1964,217,314,'CABINEET I','','312',500,'PRIVATE',NULL),(1965,217,314,'CABINEET II','','313',500,'PRIVATE',NULL),(1967,217,314,'STREET LIGHT (MOLONEY)','','315',100,'PRIVATE',NULL),(1968,217,314,'HIGH COURT I','','316',500,'PRIVATE',NULL),(1969,217,314,'HIGH COURT II','','317',300,'PRIVATE',NULL),(1970,217,314,'SURVEYOR GEN','','318',500,'PRIVATE',NULL),(1971,217,314,'SKYE BANK (DOMIN HSE)','','319',200,'PRIVATE',NULL),(1972,217,314,'TRUE TECH','','320',200,'PRIVATE',NULL),(1973,217,314,'COURT OF APPEAL','','321',500,'PRIVATE',NULL),(1974,217,314,'POLICE WORKSHOP','','322',500,'PRIVATE',NULL),(1975,217,314,'MANDILAS','','323',500,'PRIVATE',NULL),(1976,217,314,'STARCOM (SURA)','','324',50,'PRIVATE',NULL),(1977,217,314,'CELTEL (MANDILAS)','','325',100,'PRIVATE',NULL),(1978,217,314,'MTS (SURA COMP)','','326',100,'PRIVATE',NULL),(1980,217,314,'SURA COMPLEX I','','328',500,'PRIVATE',NULL),(1981,217,314,'SURA COMPLEX II','','329',500,'PRIVATE',NULL),(1982,217,314,'SURA COMPLEX III','','330',500,'PRIVATE',NULL),(1983,217,314,'SURA COMPLEX IV','','331',500,'PRIVATE',NULL),(1984,217,315,'MOLONEY LOCAL','','001',500,'PUBLIC',NULL),(1985,217,315,'LEWIS S/S','','002',500,'PUBLIC',NULL),(1986,217,315,'STRACHAN/TEXACO','','003',500,'PUBLIC',NULL),(1987,217,315,'IGBOSERE/STRACHAN','','004',500,'PUBLIC',NULL),(1988,217,315,'KAMSALEM','','301',500,'PRIVATE',NULL),(1989,217,315,'CORNER STONE INSU.','','302',500,'PRIVATE',NULL),(1990,217,315,'MAGISTRATE COURT','','303',500,'PRIVATE',NULL),(1991,217,315,'MINISTRY OF COMM. 1','','304',500,'PRIVATE',NULL),(1992,217,315,'MINISTRY OF COMM. 2','','305',1000,'PRIVATE',NULL),(1993,217,315,'LAPAL HOUSE','','306',1000,'PRIVATE',NULL),(1995,217,315,'ADEWUMI OGUNSANYA','','308',100,'PRIVATE',NULL),(1996,217,315,'IJEWERE','','309',300,'PRIVATE',NULL),(1997,217,315,'STRERLING BANK','','310',200,'PRIVATE',NULL),(1999,217,315,'38/40 STRANCHAN','','312',300,'PRIVATE',NULL),(2000,217,315,'AJELE DIST. OFFICE','','313',300,'PRIVATE',NULL),(2001,217,315,'SAHEETO PALACE','','314',200,'PRIVATE',NULL),(2002,217,315,'ASCON OIL','','315',100,'PRIVATE',NULL),(2003,217,316,'MACARTHY LOCAL','','001',500,'PUBLIC',NULL),(2004,217,316,'BOYLE\'S S/S','','002',500,'PUBLIC',NULL),(2005,217,316,'MACARTHY BARRACK','','003',300,'PUBLIC',NULL),(2006,217,316,'CATHOLIC SECT','','004',300,'PUBLIC',NULL),(2007,217,316,'FLAG HOUSE','','005',200,'PUBLIC',NULL),(2008,217,316,'AJASA LOCAL','','006',300,'PUBLIC',NULL),(2009,217,316,'FBN','','301',500,'PRIVATE',NULL),(2010,217,316,'18, KING GEORGE','','302',200,'PRIVATE',NULL),(2012,217,316,'DPMS (40, MACARTHY)','','304',500,'PRIVATE',NULL),(2013,217,316,'AGGEY HOUSE','','305',300,'PRIVATE',NULL),(2014,217,316,'S.I.O (26 BOYLES)','','306',300,'PRIVATE',NULL),(2015,217,316,'24/26 BOYLES','','307',300,'PRIVATE',NULL),(2016,217,316,'21 BOYLES','','308',500,'PRIVATE',NULL),(2019,217,316,'TEXACO','','311',500,'PRIVATE',NULL),(2020,217,316,'MULEK NOMINEE','','312',500,'PRIVATE',NULL),(2021,217,316,'GOVT. PRESS','','313',300,'PRIVATE',NULL),(2022,217,316,'NNPC','','314',500,'PRIVATE',NULL),(2024,217,316,'3/5 FORCE ROAD','','316',300,'PRIVATE',NULL),(2025,217,316,'OUR SAVIOR','','317',500,'PRIVATE',NULL),(2026,217,316,'GOVERNOR\'S HOUSE','','318',500,'PRIVATE',NULL),(2027,217,316,'STATE HOUSE I','','319',500,'PRIVATE',NULL),(2028,217,316,'STATE HOUSE II','','320',500,'PRIVATE',NULL),(2029,217,316,'NET','','321',800,'PRIVATE',NULL),(2030,217,314,'CAPPA N\'DALBERTO 2','','306',500,'PRIVATE',NULL),(2031,217,314,'ETISALAT 2','','309',100,'PRIVATE',NULL),(2033,217,314,'FIDELITY BANK 3','','314',100,'PRIVATE',NULL),(2034,217,314,'TOTAL 3','','327',100,'PRIVATE',NULL),(2037,217,315,'ACCESS BANK 5','','307',200,'PRIVATE',NULL),(2038,217,315,'CAPPA N\'DALBERTO 3','','311',200,'PRIVATE',NULL),(2041,217,316,'STREET LIGHT 4','','309',100,'PRIVATE',NULL),(2042,217,316,'FCMB 3','','310',500,'PRIVATE',NULL),(2043,217,316,'BANK PHB 3','','315',200,'PRIVATE',NULL),(2045,217,316,'DIAMOND BANK 4','','303',200,'PRIVATE',NULL),(2046,218,318,'POLICE OFFICER\'S MESS','','001',200,'PUBLIC',NULL),(2047,218,318,'ZONE II','','002',300,'PUBLIC',NULL),(2048,218,318,'ISLAND CLUB','','003',300,'PUBLIC',NULL),(2049,218,318,'ONIKAN HEALTH CENTRE','','301',200,'PRIVATE',NULL),(2050,218,318,'WATER CORP.','','302',300,'PRIVATE',NULL),(2051,218,318,'ARMY OFF. MESS','','303',300,'PRIVATE',NULL),(2052,218,318,'MUSEUM CENTRE','','304',1250,'PRIVATE',NULL),(2056,218,318,'ISLAND MATERNITY','','002',500,'PUBLIC',NULL),(2057,218,318,'DOC. FLAT','','003',500,'PUBLIC',NULL),(2058,218,318,'NAT. MUSEUM','','004',500,'PUBLIC',NULL),(2059,218,318,'NAT. ASSEM. I','','005',500,'PUBLIC',NULL),(2060,218,318,'NAT. ASSEM. II','','006',500,'PUBLIC',NULL),(2061,218,318,'NAT. ASSEM. III','','007',1000,'PUBLIC',NULL),(2062,218,318,'COCOA HOUSE','','008',300,'PUBLIC',NULL),(2064,218,318,'3/5 BOYLES','','010',315,'PUBLIC',NULL),(2065,218,318,'HIGH COURT','','011',500,'PUBLIC',NULL),(2066,218,318,'CITY MALL','','012',1500,'PUBLIC',NULL),(2067,218,318,'TBS I','','013',300,'PUBLIC',NULL),(2068,218,318,'TBS II','','014',500,'PUBLIC',NULL),(2069,218,318,'TBS III','','301',800,'PRIVATE',NULL),(2070,218,318,'TBS IV','','302',500,'PRIVATE',NULL),(2071,218,318,'TBS V','','303',500,'PRIVATE',NULL),(2072,218,318,'WESTERN HSE 1','','304',500,'PRIVATE',NULL),(2073,218,318,'WESTERN HSE 2','','305',1000,'PRIVATE',NULL),(2074,218,318,'FBN (W/HSE)','','306',200,'PRIVATE',NULL),(2076,218,318,'IBILE PROPERTY','','308',500,'PRIVATE',NULL),(2077,218,318,'CHRIST OGUNBANJO','','309',200,'PRIVATE',NULL),(2078,218,318,'BARR. BALOGUN','','310',200,'PRIVATE',NULL),(2079,218,318,'ST. NICHOLAS I','','311',500,'PRIVATE',NULL),(2080,218,318,'ST. NICHOLAS II','','312',1000,'PRIVATE',NULL),(2081,218,318,'ST. NICHOLAS III','','313',1000,'PRIVATE',NULL),(2082,218,318,'CITY HALL I','','314',1600,'PRIVATE',NULL),(2083,218,318,'CITY HALL II','','315',1600,'PRIVATE',NULL),(2084,218,318,'CITY HALL III','','316',1000,'PRIVATE',NULL),(2085,218,318,'GTB (CAMPBELL)','','317',200,'PRIVATE',NULL),(2086,218,318,'MUSEUM CENTRE 2','','305',1250,'PRIVATE',NULL),(2087,218,318,'ISLAND CLUB 2','','306',300,'PRIVATE',NULL),(2088,218,318,'AJASA LOCAL 2','','001',300,'PUBLIC',NULL),(2090,218,318,'CAPPA N\'DALBERTO 4','','009',200,'PUBLIC',NULL),(2091,218,318,'ISLAND MATERNITY 2','','307',500,'PRIVATE',NULL),(2092,219,319,'BERKLEY S/S','','001',500,'PUBLIC',NULL),(2093,219,319,'OBA OF LAGOS','','301',200,'PRIVATE',NULL),(2094,219,319,'SPACO','','302',300,'PRIVATE',NULL),(2095,219,319,'EKO PROPERTY','','303',500,'PRIVATE',NULL),(2096,219,319,'MR. BIGGS','','304',300,'PRIVATE',NULL),(2098,219,319,'GTB (MOLONEY)','','306',200,'PRIVATE',NULL),(2099,219,319,'BISHOP GATE','','307',300,'PRIVATE',NULL),(2100,219,319,'SUGAR BABY','','308',300,'PRIVATE',NULL),(2101,219,319,'NITEL','','309',750,'PRIVATE',NULL),(2105,219,319,'ZENITH BANK 6','','305',200,'PRIVATE',NULL),(2106,220,320,'WILBERFORCE SUBSTATION','','001',500,'PUBLIC',NULL),(2107,220,320,'KOSEH SUBSTATION','','002',500,'PUBLIC',NULL),(2108,220,320,'ISSA WILLIAMS SUBSTATION','','003',500,'PUBLIC',NULL),(2109,220,320,'I DUMOTA SUBSTATION','','004',500,'PUBLIC',NULL),(2110,220,320,'DADDY ALAJA 1','','005',500,'PUBLIC',NULL),(2111,220,320,'DADDY ALAJA II','','006',500,'PUBLIC',NULL),(2112,220,320,'ALAKORO SUBSTATION','','007',500,'PUBLIC',NULL),(2113,220,320,'AGORO SUBSTATION','','008',500,'PUBLIC',NULL),(2114,220,320,'DOHERTY SUBSTATION','','009',500,'PUBLIC',NULL),(2115,220,320,'IDITA','','010',500,'PUBLIC',NULL),(2116,220,320,'KOSOKO SUBSTATION','','011',500,'PUBLIC',NULL),(2117,220,320,'HOLLOWAY SUBSTATION','','012',500,'PUBLIC',NULL),(2118,220,320,'IDITA SUBSTATION','','013',500,'PUBLIC',NULL),(2119,220,320,'IMF','','301',500,'PRIVATE',NULL),(2121,220,320,'UNITY/DADDY ALAJA II','','303',200,'PRIVATE',NULL),(2122,220,320,'GT/DADDY ALAJA II','','304',200,'PRIVATE',NULL),(2123,220,320,'UBA IJAYE/ALAKORO','','305',200,'PRIVATE',NULL),(2124,220,320,'ET/ALAKORO','','306',200,'PRIVATE',NULL),(2125,220,320,'INTERCON./ ALAKORO','','307',200,'PRIVATE',NULL),(2126,220,320,'UBA MICRO/ ALAKORO','','308',100,'PRIVATE',NULL),(2127,220,320,'UBA ISA WILLIAMS/AJELE','','309',200,'PRIVATE',NULL),(2128,220,320,'INTER ACCESS/OFFIN','','310',200,'PRIVATE',NULL),(2129,220,320,'FIRST BANK/OFFIN','','311',200,'PRIVATE',NULL),(2130,220,320,'ZENITH/ ISA WILLIAMS','','312',100,'PRIVATE',NULL),(2131,220,320,'ACCESS/ ISA WILLIAMS','','313',200,'PRIVATE',NULL),(2132,220,320,'FIN/OFFIN','','314',200,'PRIVATE',NULL),(2133,220,320,'UBA OFFIN CANAL','','315',200,'PRIVATE',NULL),(2134,220,321,'AROLOYA','','001',500,'PUBLIC',NULL),(2135,220,321,'LSDPC II','','002',500,'PUBLIC',NULL),(2136,220,321,'OBADINA III','','003',500,'PUBLIC',NULL),(2137,220,321,'SERIKI','','004',500,'PUBLIC',NULL),(2138,220,321,'OROYINYIN I','','005',500,'PUBLIC',NULL),(2139,220,321,'OLUWOLE SUBSTATION','','006',500,'PUBLIC',NULL),(2140,220,321,'TABRIS','','007',500,'PUBLIC',NULL),(2141,220,321,'GRIFFIN SUBSTATION','','008',500,'PUBLIC',NULL),(2142,220,321,'GRIFFIN','','009',500,'PUBLIC',NULL),(2143,220,321,'ECO B.N.A','','301',500,'PRIVATE',NULL),(2144,220,321,'FIRST B N/A','','302',500,'PRIVATE',NULL),(2145,220,321,'UBA IDUMOTA','','303',500,'PRIVATE',NULL),(2146,220,321,'TOM JONES','','304',500,'PRIVATE',NULL),(2147,220,321,'GTB IDUMOTA','','305',500,'PRIVATE',NULL),(2148,220,321,'ETB DOSUMU','','306',500,'PRIVATE',NULL),(2149,220,321,'ECO B. DOSUMU','','307',500,'PRIVATE',NULL),(2150,220,321,'ACCESS B. ORO','','308',500,'PRIVATE',NULL),(2151,220,321,'ACCESS B N/A','','309',500,'PRIVATE',NULL),(2152,220,321,'FIRST B.S. EKO','','310',500,'PRIVATE',NULL),(2153,220,321,'IBTC IDUMAGBO','','311',500,'PRIVATE',NULL),(2154,220,321,'UNION B IDUMOTA','','312',500,'PRIVATE',NULL),(2155,220,321,'DIAMOND B N/A','','313',500,'PRIVATE',NULL),(2156,220,321,'CENTRAL MOSQUE','','314',500,'PRIVATE',NULL),(2157,220,321,'WEMA','','315',500,'PRIVATE',NULL),(2158,220,321,'LSDPC/UNION HOMES','','316',300,'PRIVATE',NULL),(2159,220,321,'ETB/LSDPC','','317',300,'PRIVATE',NULL),(2160,220,321,'OLUWOLE','','318',500,'PRIVATE',NULL),(2161,220,321,'CHURCH/BANKOLE','','319',500,'PRIVATE',NULL),(2162,220,321,'LSDPC','','320',500,'PRIVATE',NULL),(2163,220,321,'NKOBI/WEMA','','321',300,'PRIVATE',NULL),(2167,220,320,'DIAMOND BANK 5','','302',200,'PRIVATE',NULL),(2168,221,323,'ALAGBEDE','','001',500,'PUBLIC',NULL),(2169,221,323,'ELEPHANT HOUSE I','','301',1000,'PRIVATE',NULL),(2170,221,323,'ELEPHANT HOUSE II','','302',1000,'PRIVATE',NULL),(2171,221,323,'UNION BANK','','303',500,'PRIVATE',NULL),(2172,221,323,'AFRI BANK','','304',500,'PRIVATE',NULL),(2173,221,323,'BOSALI','','305',500,'PRIVATE',NULL),(2174,221,323,'INVESTMENT HOLDING','','306',500,'PRIVATE',NULL),(2176,221,323,'ASEKU','','308',500,'PRIVATE',NULL),(2177,221,323,'NIGER HOUSE','','309',750,'PRIVATE',NULL),(2178,221,323,'TAIWO','','310',500,'PRIVATE',NULL),(2179,221,323,'UNTL','','311',500,'PRIVATE',NULL),(2180,221,323,'BANUSO','','312',300,'PRIVATE',NULL),(2181,221,323,'MARINE VIEW','','313',500,'PRIVATE',NULL),(2182,221,323,'C.V.U','','314',300,'PRIVATE',NULL),(2183,221,323,'MANDILLAS I','','315',500,'PRIVATE',NULL),(2184,221,323,'MANDILLAS II','','316',500,'PRIVATE',NULL),(2185,221,323,'SOCIETY GEN','','317',500,'PRIVATE',NULL),(2186,221,323,'EMAB PLAZA','','318',500,'PRIVATE',NULL),(2188,221,323,'LABADEBI','','320',500,'PRIVATE',NULL),(2190,221,323,'INTERCONTINENTAL','','322',500,'PRIVATE',NULL),(2191,221,323,'KINGSWAY','','323',500,'PRIVATE',NULL),(2192,221,323,'KINGSWAY  II','','324',1000,'PRIVATE',NULL),(2193,221,323,'TASTY CHICKEN','','325',100,'PRIVATE',NULL),(2194,221,323,'ABACUS','','326',500,'PRIVATE',NULL),(2195,221,323,'WEMA BANK I','','327',1000,'PRIVATE',NULL),(2196,221,323,'WEMA BANK II','','328',1000,'PRIVATE',NULL),(2197,221,323,'UBA I','','329',1000,'PRIVATE',NULL),(2198,221,323,'UBA II','','330',1000,'PRIVATE',NULL),(2199,221,325,'BACATEL','','001',500,'PUBLIC',NULL),(2200,221,325,'GATEWAY','','002',500,'PUBLIC',NULL),(2201,221,325,'P.W.D','','301',500,'PRIVATE',NULL),(2202,221,325,'GLOBAL FLEET','','302',1000,'PRIVATE',NULL),(2203,221,325,'ZENITH I','','303',200,'PRIVATE',NULL),(2204,221,325,'ZENITH II','','304',200,'PRIVATE',NULL),(2205,221,325,'UNION HOME IDITA','','305',100,'PRIVATE',NULL),(2206,221,325,'P.Z LOCAL(ALAGBON)','','001',500,'PUBLIC',NULL),(2207,221,325,'BALOGUN WEST','','002',500,'PUBLIC',NULL),(2208,221,325,'BALOGUN LOCAL','','003',500,'PUBLIC',NULL),(2209,221,325,'GBAJUMO SUBSTATION','','004',500,'PUBLIC',NULL),(2210,221,325,'MARTINS','','005',500,'PUBLIC',NULL),(2211,221,325,'SUNNY ADEWALE','','006',500,'PUBLIC',NULL),(2213,221,325,'MARTINS S/S','','008',500,'PUBLIC',NULL),(2214,221,325,'ACB','','301',300,'PRIVATE',NULL),(2215,221,325,'CFAO/ELEGBATA','','302',200,'PRIVATE',NULL),(2216,221,325,'BALOGUN MRKT','','303',500,'PRIVATE',NULL),(2217,221,325,'GN HOUSE','','304',1000,'PRIVATE',NULL),(2218,221,325,'GNI','','305',300,'PRIVATE',NULL),(2219,221,325,'¾ GBAJUMO','','306',300,'PRIVATE',NULL),(2220,221,325,'SOC/GEN/BREADFRUIT','','307',300,'PRIVATE',NULL),(2221,221,325,'ADEBOWALE STORE','','308',500,'PRIVATE',NULL),(2222,221,325,'IBTC/SANI ADEWALE','','309',500,'PRIVATE',NULL),(2223,221,325,'BRISTOL HOTEL','','310',500,'PRIVATE',NULL),(2224,221,325,'CRUSADER','','311',500,'PRIVATE',NULL),(2225,221,325,'BREAD FRUIT','','312',500,'PRIVATE',NULL),(2226,221,323,'WEMA BANK 2','','307',500,'PRIVATE',NULL),(2229,221,323,'GTB 5','','319',500,'PRIVATE',NULL),(2233,221,323,'ACCESS BANK 6','','321',300,'PRIVATE',NULL),(2234,221,325,'MARTINS 2','','005',500,'PUBLIC',NULL),(2236,221,325,'FIRST BANK 6','','313',100,'PRIVATE',NULL),(2237,223,326,'OJA-OBA','','001',500,'PUBLIC',NULL),(2238,223,326,'ENU-OWA','','002',500,'PUBLIC',NULL),(2239,223,326,'ST. ANNAH','','003',500,'PUBLIC',NULL),(2240,223,326,'PRINCESS','','004',500,'PUBLIC',NULL),(2241,223,326,'JANKARA','','005',500,'PUBLIC',NULL),(2242,223,326,'PELEWURA I','','006',500,'PUBLIC',NULL),(2243,223,326,'PELEWURA II','','007',500,'PUBLIC',NULL),(2244,223,326,'OROYINYIN II','','008',300,'PUBLIC',NULL),(2245,223,326,'BOMBATA I','','009',500,'PUBLIC',NULL),(2246,223,326,'BOMBATA II','','010',300,'PUBLIC',NULL),(2248,223,326,'MABOREJE','','012',500,'PUBLIC',NULL),(2249,223,326,'OJA OBA I','','013',500,'PUBLIC',NULL),(2250,223,326,'OJA OBA II','','014',300,'PUBLIC',NULL),(2251,223,326,'IDUNTAFA','','015',500,'PUBLIC',NULL),(2252,223,326,'IGA I','','016',500,'PUBLIC',NULL),(2253,223,326,'IGA II','','017',500,'PUBLIC',NULL),(2254,223,326,'AHAMADIYA I','','018',500,'PUBLIC',NULL),(2255,223,326,'AHAMADIYA II','','019',500,'PUBLIC',NULL),(2256,223,326,'ASHGBON I','','020',500,'PUBLIC',NULL),(2257,223,326,'ASHOGBON II','','021',500,'PUBLIC',NULL),(2258,223,326,'JUJU','','022',500,'PUBLIC',NULL),(2259,223,326,'IDOLUWO','','023',500,'PUBLIC',NULL),(2260,223,326,'ST. PATRICK','','024',500,'PUBLIC',NULL),(2261,223,326,'RECLAMATION I','','025',500,'PUBLIC',NULL),(2262,223,326,'RECLAMATION II','','026',500,'PUBLIC',NULL),(2263,223,326,'CHURCH','','027',500,'PUBLIC',NULL),(2264,223,326,'RECLAIMATION','','028',500,'PUBLIC',NULL),(2265,223,326,'SASI','','029',500,'PUBLIC',NULL),(2266,223,326,'IDUMAGBO','','030',500,'PUBLIC',NULL),(2267,223,326,'A/A PLAZA','','301',500,'PRIVATE',NULL),(2268,223,326,'FSP','','302',500,'PRIVATE',NULL),(2269,223,326,'DIAMOND B.E.O','','303',500,'PRIVATE',NULL),(2270,223,326,'DIAMOND B.I.D.U','','304',500,'PRIVATE',NULL),(2271,223,326,'ZENTH B.E.O','','305',500,'PRIVATE',NULL),(2272,223,326,'UNION B. A/A','','306',500,'PRIVATE',NULL),(2273,223,326,'UBA IDUMAGBO','','307',500,'PRIVATE',NULL),(2274,223,326,'PALACE I','','308',500,'PRIVATE',NULL),(2275,223,326,'PALACE II','','309',500,'PRIVATE',NULL),(2276,223,326,'FIRST B.C.S','','310',500,'PRIVATE',NULL),(2277,223,326,'OROYINYIN PLAZA','','311',500,'PRIVATE',NULL),(2278,223,326,'ZENTH M. CARE','','312',500,'PRIVATE',NULL),(2279,223,326,'IGA A/A','','313',500,'PRIVATE',NULL),(2280,223,326,'GEMADE ESTATE','','314',500,'PRIVATE',NULL),(2281,223,326,'ENU-OWA 2','','011',500,'PUBLIC',NULL),(2282,224,327,'ISALE GANGAN I','','001',500,'PUBLIC',NULL),(2283,224,327,'ISALE GANGAN II','','002',500,'PUBLIC',NULL),(2284,224,327,'ALLI','','003',500,'PUBLIC',NULL),(2285,224,327,'ONOLA','','004',500,'PUBLIC',NULL),(2286,224,327,'ISALE AGBEDE I','','005',500,'PUBLIC',NULL),(2287,224,327,'ISALE AGBEDE II','','006',500,'PUBLIC',NULL),(2288,224,327,'AGARAWU','','007',500,'PUBLIC',NULL),(2289,224,327,'PHASE I','','008',500,'PUBLIC',NULL),(2290,224,327,'THOMAS','','009',300,'PUBLIC',NULL),(2291,224,327,'PHASE 2A','','010',500,'PUBLIC',NULL),(2292,224,327,'PHASE 2B','','011',500,'PUBLIC',NULL),(2293,224,327,'OKEPOPO II','','012',500,'PUBLIC',NULL),(2294,224,327,'W.B. INVEST','','301',500,'PRIVATE',NULL),(2295,224,327,'MTN','','302',500,'PRIVATE',NULL),(2296,224,328,'ABIMBOLA AWONIYI','','001',500,'PUBLIC',NULL),(2297,224,328,'TOKUNBOH I','','002',500,'PUBLIC',NULL),(2298,224,328,'TOKUNBOH II','','003',500,'PUBLIC',NULL),(2300,224,328,'TAPA/PATEY','','006',500,'PUBLIC',NULL),(2301,224,328,'TAPA/FREEMAN','','007',500,'PUBLIC',NULL),(2302,224,328,'PHASE 3A','','008',500,'PUBLIC',NULL),(2303,224,328,'PHASE 4','','009',500,'PUBLIC',NULL),(2304,224,328,'GLOVER I','','010',500,'PUBLIC',NULL),(2305,224,328,'GLOVER II','','011',500,'PUBLIC',NULL),(2306,224,328,'GRIFFITH II','','012',500,'PUBLIC',NULL),(2307,224,328,'PHASE 3B','','013',500,'PUBLIC',NULL),(2308,224,328,'MINISTRY OF WORKS','','301',100,'PRIVATE',NULL),(2310,224,328,'ZAIN (PATEY)','','303',50,'PRIVATE',NULL),(2311,224,328,'TOLLY WOOD SCH','','304',100,'PRIVATE',NULL),(2312,224,328,'LAWMAN','','305',500,'PRIVATE',NULL),(2313,224,328,'DOC\'S QUARTERS','','306',300,'PRIVATE',NULL),(2314,224,328,'FREEDOM PARK','','307',200,'PRIVATE',NULL),(2315,224,328,'OSHODI 2','','005',NULL,'PUBLIC',NULL),(2316,224,328,'MTN 2','','302',50,'PRIVATE',NULL),(2317,224,328,'OSHODI 3','','004',500,'PUBLIC',NULL);